MUNICIPIO REPORTE,Fecha,Casos_Dengue,Mes,Lluvia_mm,Poblacion,Mes_Num,Temperatura,Lluvia_mm_lag1,Temperatura_lag1
ALBANIA,2019-04-01,2,ABRIL,310.93333333333334,6432,4,25.62266570558836,331.65555555555557,26.581735541573835
ALBANIA,2019-05-01,2,MAYO,395.22222222222223,6432,5,25.199496259878302,310.93333333333334,25.62266570558836
ALBANIA,2019-06-01,1,JUNIO,475.85555555555555,6432,6,24.633347184299716,395.22222222222223,25.199496259878302
ALBANIA,2019-07-01,5,JULIO,339.48055555555555,6432,7,24.70597187682467,475.85555555555555,24.633347184299716
ALBANIA,2019-08-01,5,AGOSTO,203.20555555555555,6432,8,25.312192175577902,339.48055555555555,24.70597187682467
ALBANIA,2019-09-01,6,SEPTIEMBRE,257.7972222222222,6432,9,26.176352884506635,203.20555555555555,25.312192175577902
ALBANIA,2019-10-01,6,OCTUBRE,278.27777777777777,6432,10,26.231315861030545,257.7972222222222,26.176352884506635
ALBANIA,2019-11-01,7,NOVIEMBRE,290.65555555555557,6432,11,26.28352988950622,278.27777777777777,26.231315861030545
ALBANIA,2019-12-01,18,DICIEMBRE,268.6333333333333,6432,12,26.581735541573835,290.65555555555557,26.28352988950622
ALBANIA,2020-01-01,24,ENERO,148.53333333333333,6432,1,26.31726056102881,268.6333333333333,26.581735541573835
ALBANIA,2020-02-01,13,FEBRERO,203.47037037037038,6432,2,26.88753757301854,148.53333333333333,26.31726056102881
ALBANIA,2020-03-01,11,MARZO,235.88518518518518,6432,3,25.943279120273466,203.47037037037038,26.88753757301854
ALBANIA,2020-04-01,10,ABRIL,294.9,6432,4,25.62266570558836,235.88518518518518,25.943279120273466
ALBANIA,2020-05-01,3,MAYO,485.70000000000005,6432,5,25.199496259878302,294.9,25.62266570558836
ALBANIA,2020-06-01,1,JUNIO,344.77777777777777,6432,6,24.633347184299716,485.70000000000005,25.199496259878302
ALBANIA,2020-07-01,1,JULIO,336.2888888888889,6432,7,24.70597187682467,344.77777777777777,24.633347184299716
ALBANIA,2020-09-01,1,SEPTIEMBRE,251.22222222222223,6432,9,26.176352884506635,336.2888888888889,24.70597187682467
ALBANIA,2020-10-01,1,OCTUBRE,282.05555555555554,6432,10,26.231315861030545,251.22222222222223,26.176352884506635
ALBANIA,2020-12-01,1,DICIEMBRE,203.7111111111111,6432,12,26.581735541573835,282.05555555555554,26.231315861030545
ALBANIA,2021-05-01,1,MAYO,554.0333333333333,6432,5,25.199496259878302,203.7111111111111,26.581735541573835
ALBANIA,2022-04-01,1,ABRIL,394.147619047619,6432,4,25.62266570558836,554.0333333333333,25.199496259878302
ALBANIA,2022-07-01,2,JULIO,325.7804232804233,6432,7,24.70597187682467,394.147619047619,25.62266570558836
ALBANIA,2022-08-01,4,AGOSTO,288.6333333333333,6432,8,25.312192175577902,325.7804232804233,24.70597187682467
ALBANIA,2022-09-01,2,SEPTIEMBRE,258.5444444444445,6432,9,26.176352884506635,288.6333333333333,25.312192175577902
ALBANIA,2022-11-01,1,NOVIEMBRE,174.3777777777778,6432,11,26.28352988950622,258.5444444444445,26.176352884506635
ALBANIA,2022-12-01,1,DICIEMBRE,109.60555555555555,6432,12,26.581735541573835,174.3777777777778,26.28352988950622
ALBANIA,2023-01-01,2,ENERO,192.02222222222224,6432,1,26.31726056102881,109.60555555555555,26.581735541573835
ALBANIA,2023-02-01,2,FEBRERO,196.8111111111111,6432,2,26.88753757301854,192.02222222222224,26.31726056102881
ALBANIA,2023-03-01,2,MARZO,316.4222222222222,6432,3,25.943279120273466,196.8111111111111,26.88753757301854
ALBANIA,2023-04-01,1,ABRIL,363.85925925925926,6432,4,25.62266570558836,316.4222222222222,25.943279120273466
ALBANIA,2023-05-01,4,MAYO,410.4962962962963,6432,5,25.199496259878302,363.85925925925926,25.62266570558836
ALBANIA,2023-09-01,1,SEPTIEMBRE,215.93333333333334,6432,9,26.176352884506635,410.4962962962963,25.199496259878302
ALBANIA,2023-12-01,1,DICIEMBRE,331.65555555555557,6432,12,26.581735541573835,215.93333333333334,26.176352884506635
BELEN DE LOS ANDAQUIES,2018-11-01,2,NOVIEMBRE,496.0,11601,11,26.28352988950622,295.0,26.581735541573835
BELEN DE LOS ANDAQUIES,2019-01-01,2,ENERO,360.0,11601,1,26.31726056102881,496.0,26.28352988950622
BELEN DE LOS ANDAQUIES,2019-02-01,1,FEBRERO,141.0,11601,2,26.88753757301854,360.0,26.31726056102881
BELEN DE LOS ANDAQUIES,2019-03-01,1,MARZO,466.0,11601,3,25.943279120273466,141.0,26.88753757301854
BELEN DE LOS ANDAQUIES,2019-05-01,11,MAYO,527.0,11601,5,25.199496259878302,466.0,25.943279120273466
BELEN DE LOS ANDAQUIES,2019-06-01,2,JUNIO,393.0,11601,6,24.633347184299716,527.0,25.199496259878302
BELEN DE LOS ANDAQUIES,2019-07-01,1,JULIO,461.0,11601,7,24.70597187682467,393.0,24.633347184299716
BELEN DE LOS ANDAQUIES,2019-08-01,4,AGOSTO,197.0,11601,8,25.312192175577902,461.0,24.70597187682467
BELEN DE LOS ANDAQUIES,2019-09-01,3,SEPTIEMBRE,307.0,11601,9,26.176352884506635,197.0,25.312192175577902
BELEN DE LOS ANDAQUIES,2019-10-01,4,OCTUBRE,271.0,11601,10,26.231315861030545,307.0,26.176352884506635
BELEN DE LOS ANDAQUIES,2019-11-01,1,NOVIEMBRE,248.0,11601,11,26.28352988950622,271.0,26.231315861030545
BELEN DE LOS ANDAQUIES,2019-12-01,7,DICIEMBRE,292.0,11601,12,26.581735541573835,248.0,26.28352988950622
BELEN DE LOS ANDAQUIES,2020-01-01,7,ENERO,110.0,11601,1,26.31726056102881,292.0,26.581735541573835
BELEN DE LOS ANDAQUIES,2020-02-01,5,FEBRERO,207.0,11601,2,26.88753757301854,110.0,26.31726056102881
BELEN DE LOS ANDAQUIES,2020-03-01,12,MARZO,252.0,11601,3,25.943279120273466,207.0,26.88753757301854
BELEN DE LOS ANDAQUIES,2020-04-01,2,ABRIL,324.0,11601,4,25.62266570558836,252.0,25.943279120273466
BELEN DE LOS ANDAQUIES,2020-05-01,4,MAYO,413.0,11601,5,25.199496259878302,324.0,25.62266570558836
BELEN DE LOS ANDAQUIES,2020-06-01,2,JUNIO,319.0,11601,6,24.633347184299716,413.0,25.199496259878302
BELEN DE LOS ANDAQUIES,2020-07-01,1,JULIO,316.0,11601,7,24.70597187682467,319.0,24.633347184299716
BELEN DE LOS ANDAQUIES,2020-11-01,1,NOVIEMBRE,160.0,11601,11,26.28352988950622,316.0,24.70597187682467
BELEN DE LOS ANDAQUIES,2021-01-01,1,ENERO,220.0,11601,1,26.31726056102881,160.0,26.28352988950622
BELEN DE LOS ANDAQUIES,2022-03-01,1,MARZO,265.0,11601,3,25.943279120273466,220.0,26.31726056102881
BELEN DE LOS ANDAQUIES,2022-04-01,4,ABRIL,262.0,11601,4,25.62266570558836,265.0,25.943279120273466
BELEN DE LOS ANDAQUIES,2022-10-01,1,OCTUBRE,304.0,11601,10,26.231315861030545,262.0,25.62266570558836
BELEN DE LOS ANDAQUIES,2022-11-01,1,NOVIEMBRE,176.0,11601,11,26.28352988950622,304.0,26.231315861030545
BELEN DE LOS ANDAQUIES,2022-12-01,1,DICIEMBRE,133.0,11601,12,26.581735541573835,176.0,26.28352988950622
BELEN DE LOS ANDAQUIES,2023-01-01,2,ENERO,280.0,11601,1,26.31726056102881,133.0,26.581735541573835
BELEN DE LOS ANDAQUIES,2023-02-01,7,FEBRERO,146.0,11601,2,26.88753757301854,280.0,26.31726056102881
BELEN DE LOS ANDAQUIES,2023-03-01,13,MARZO,402.0,11601,3,25.943279120273466,146.0,26.88753757301854
BELEN DE LOS ANDAQUIES,2023-04-01,9,ABRIL,271.0,11601,4,25.62266570558836,402.0,25.943279120273466
BELEN DE LOS ANDAQUIES,2023-05-01,10,MAYO,314.0,11601,5,25.199496259878302,271.0,25.62266570558836
BELEN DE LOS ANDAQUIES,2023-06-01,5,JUNIO,289.0,11601,6,24.633347184299716,314.0,25.199496259878302
BELEN DE LOS ANDAQUIES,2023-07-01,1,JULIO,199.0,11601,7,24.70597187682467,289.0,24.633347184299716
BELEN DE LOS ANDAQUIES,2023-09-01,3,SEPTIEMBRE,229.0,11601,9,26.176352884506635,199.0,24.70597187682467
BELEN DE LOS ANDAQUIES,2023-11-01,1,NOVIEMBRE,407.0,11601,11,26.28352988950622,229.0,26.176352884506635
BELEN DE LOS ANDAQUIES,2023-12-01,3,DICIEMBRE,295.0,11601,12,26.581735541573835,407.0,26.28352988950622
CARTAGENA DELCHAIRA,2018-02-01,1,FEBRERO,98.26428571428572,33908,2,26.88753757301854,362.0,26.581735541573835
CARTAGENA DELCHAIRA,2018-04-01,1,ABRIL,360.0,33908,4,25.62266570558836,98.26428571428572,26.88753757301854
CARTAGENA DELCHAIRA,2018-12-01,2,DICIEMBRE,157.0,33908,12,26.581735541573835,360.0,25.62266570558836
CARTAGENA DELCHAIRA,2019-03-01,1,MARZO,219.0,33908,3,25.943279120273466,157.0,26.581735541573835
CARTAGENA DELCHAIRA,2019-04-01,1,ABRIL,284.5,33908,4,25.62266570558836,219.0,25.943279120273466
CARTAGENA DELCHAIRA,2019-05-01,6,MAYO,439.0,33908,5,25.199496259878302,284.5,25.62266570558836
CARTAGENA DELCHAIRA,2019-06-01,4,JUNIO,395.0,33908,6,24.633347184299716,439.0,25.199496259878302
CARTAGENA DELCHAIRA,2019-07-01,5,JULIO,252.0,33908,7,24.70597187682467,395.0,24.633347184299716
CARTAGENA DELCHAIRA,2019-08-01,3,AGOSTO,205.0,33908,8,25.312192175577902,252.0,24.70597187682467
CARTAGENA DELCHAIRA,2019-09-01,4,SEPTIEMBRE,227.5,33908,9,26.176352884506635,205.0,25.312192175577902
CARTAGENA DELCHAIRA,2019-10-01,7,OCTUBRE,320.0,33908,10,26.231315861030545,227.5,26.176352884506635
CARTAGENA DELCHAIRA,2019-11-01,1,NOVIEMBRE,309.5,33908,11,26.28352988950622,320.0,26.231315861030545
CARTAGENA DELCHAIRA,2019-12-01,10,DICIEMBRE,219.5,33908,12,26.581735541573835,309.5,26.28352988950622
CARTAGENA DELCHAIRA,2020-01-01,34,ENERO,160.5,33908,1,26.31726056102881,219.5,26.581735541573835
CARTAGENA DELCHAIRA,2020-02-01,39,FEBRERO,209.66666666666669,33908,2,26.88753757301854,160.5,26.31726056102881
CARTAGENA DELCHAIRA,2020-03-01,38,MARZO,217.33333333333334,33908,3,25.943279120273466,209.66666666666669,26.88753757301854
CARTAGENA DELCHAIRA,2020-04-01,7,ABRIL,297.0,33908,4,25.62266570558836,217.33333333333334,25.943279120273466
CARTAGENA DELCHAIRA,2020-05-01,4,MAYO,450.5,33908,5,25.199496259878302,297.0,25.62266570558836
CARTAGENA DELCHAIRA,2020-06-01,2,JUNIO,412.0,33908,6,24.633347184299716,450.5,25.199496259878302
CARTAGENA DELCHAIRA,2020-07-01,5,JULIO,239.0,33908,7,24.70597187682467,412.0,24.633347184299716
CARTAGENA DELCHAIRA,2020-08-01,2,AGOSTO,202.5,33908,8,25.312192175577902,239.0,24.70597187682467
CARTAGENA DELCHAIRA,2020-09-01,1,SEPTIEMBRE,191.5,33908,9,26.176352884506635,202.5,25.312192175577902
CARTAGENA DELCHAIRA,2020-10-01,5,OCTUBRE,176.5,33908,10,26.231315861030545,191.5,26.176352884506635
CARTAGENA DELCHAIRA,2020-11-01,2,NOVIEMBRE,411.0,33908,11,26.28352988950622,176.5,26.231315861030545
CARTAGENA DELCHAIRA,2020-12-01,8,DICIEMBRE,207.0,33908,12,26.581735541573835,411.0,26.28352988950622
CARTAGENA DELCHAIRA,2021-01-01,4,ENERO,225.0,33908,1,26.31726056102881,207.0,26.581735541573835
CARTAGENA DELCHAIRA,2021-02-01,3,FEBRERO,109.0,33908,2,26.88753757301854,225.0,26.31726056102881
CARTAGENA DELCHAIRA,2021-03-01,3,MARZO,363.0,33908,3,25.943279120273466,109.0,26.88753757301854
CARTAGENA DELCHAIRA,2021-04-01,2,ABRIL,359.5,33908,4,25.62266570558836,363.0,25.943279120273466
CARTAGENA DELCHAIRA,2021-05-01,1,MAYO,611.5,33908,5,25.199496259878302,359.5,25.62266570558836
CARTAGENA DELCHAIRA,2021-11-01,2,NOVIEMBRE,254.35714285714286,33908,11,26.28352988950622,611.5,25.199496259878302
CARTAGENA DELCHAIRA,2021-12-01,4,DICIEMBRE,255.42857142857144,33908,12,26.581735541573835,254.35714285714286,26.28352988950622
CARTAGENA DELCHAIRA,2022-03-01,1,MARZO,258.6428571428571,33908,3,25.943279120273466,255.42857142857144,26.581735541573835
CARTAGENA DELCHAIRA,2022-04-01,4,ABRIL,259.7142857142857,33908,4,25.62266570558836,258.6428571428571,25.943279120273466
CARTAGENA DELCHAIRA,2022-05-01,1,MAYO,260.7857142857143,33908,5,25.199496259878302,259.7142857142857,25.62266570558836
CARTAGENA DELCHAIRA,2022-07-01,2,JULIO,267.42857142857144,33908,7,24.70597187682467,260.7857142857143,25.199496259878302
CARTAGENA DELCHAIRA,2022-08-01,1,AGOSTO,198.0,33908,8,25.312192175577902,267.42857142857144,24.70597187682467
CARTAGENA DELCHAIRA,2022-09-01,1,SEPTIEMBRE,306.0,33908,9,26.176352884506635,198.0,25.312192175577902
CARTAGENA DELCHAIRA,2022-10-01,2,OCTUBRE,337.0,33908,10,26.231315861030545,306.0,26.176352884506635
CARTAGENA DELCHAIRA,2022-12-01,1,DICIEMBRE,56.0,33908,12,26.581735541573835,337.0,26.231315861030545
CARTAGENA DELCHAIRA,2023-01-01,2,ENERO,162.0,33908,1,26.31726056102881,56.0,26.581735541573835
CARTAGENA DELCHAIRA,2023-02-01,13,FEBRERO,129.0,33908,2,26.88753757301854,162.0,26.31726056102881
CARTAGENA DELCHAIRA,2023-03-01,16,MARZO,342.5,33908,3,25.943279120273466,129.0,26.88753757301854
CARTAGENA DELCHAIRA,2023-04-01,16,ABRIL,277.91666666666663,33908,4,25.62266570558836,342.5,25.943279120273466
CARTAGENA DELCHAIRA,2023-05-01,20,MAYO,405.33333333333337,33908,5,25.199496259878302,277.91666666666663,25.62266570558836
CARTAGENA DELCHAIRA,2023-06-01,7,JUNIO,392.75,33908,6,24.633347184299716,405.33333333333337,25.199496259878302
CARTAGENA DELCHAIRA,2023-07-01,2,JULIO,317.66666666666663,33908,7,24.70597187682467,392.75,24.633347184299716
CARTAGENA DELCHAIRA,2023-09-01,1,SEPTIEMBRE,235.0,33908,9,26.176352884506635,317.66666666666663,24.70597187682467
CARTAGENA DELCHAIRA,2023-10-01,8,OCTUBRE,156.5,33908,10,26.231315861030545,235.0,26.176352884506635
CARTAGENA DELCHAIRA,2023-11-01,4,NOVIEMBRE,202.0,33908,11,26.28352988950622,156.5,26.231315861030545
CARTAGENA DELCHAIRA,2023-12-01,2,DICIEMBRE,362.0,33908,12,26.581735541573835,202.0,26.28352988950622
CURILLO,2018-04-01,1,ABRIL,444.9555555555555,11737,4,25.62266570558836,331.65555555555557,26.581735541573835
CURILLO,2018-10-01,1,OCTUBRE,338.35555555555555,11737,10,26.231315861030545,444.9555555555555,25.62266570558836
CURILLO,2019-04-01,2,ABRIL,310.93333333333334,11737,4,25.62266570558836,338.35555555555555,26.231315861030545
CURILLO,2019-05-01,10,MAYO,395.22222222222223,11737,5,25.199496259878302,310.93333333333334,25.62266570558836
CURILLO,2019-06-01,3,JUNIO,475.85555555555555,11737,6,24.633347184299716,395.22222222222223,25.199496259878302
CURILLO,2019-07-01,16,JULIO,339.48055555555555,11737,7,24.70597187682467,475.85555555555555,24.633347184299716
CURILLO,2019-08-01,8,AGOSTO,203.20555555555555,11737,8,25.312192175577902,339.48055555555555,24.70597187682467
CURILLO,2019-09-01,8,SEPTIEMBRE,257.7972222222222,11737,9,26.176352884506635,203.20555555555555,25.312192175577902
CURILLO,2019-10-01,22,OCTUBRE,278.27777777777777,11737,10,26.231315861030545,257.7972222222222,26.176352884506635
CURILLO,2019-11-01,7,NOVIEMBRE,290.65555555555557,11737,11,26.28352988950622,278.27777777777777,26.231315861030545
CURILLO,2019-12-01,4,DICIEMBRE,268.6333333333333,11737,12,26.581735541573835,290.65555555555557,26.28352988950622
CURILLO,2020-01-01,19,ENERO,148.53333333333333,11737,1,26.31726056102881,268.6333333333333,26.581735541573835
CURILLO,2020-02-01,8,FEBRERO,203.47037037037038,11737,2,26.88753757301854,148.53333333333333,26.31726056102881
CURILLO,2020-03-01,14,MARZO,235.88518518518518,11737,3,25.943279120273466,203.47037037037038,26.88753757301854
CURILLO,2020-04-01,1,ABRIL,294.9,11737,4,25.62266570558836,235.88518518518518,25.943279120273466
CURILLO,2020-08-01,1,AGOSTO,215.3,11737,8,25.312192175577902,294.9,25.62266570558836
CURILLO,2020-10-01,2,OCTUBRE,282.05555555555554,11737,10,26.231315861030545,215.3,25.312192175577902
CURILLO,2020-11-01,1,NOVIEMBRE,320.44444444444446,11737,11,26.28352988950622,282.05555555555554,26.231315861030545
CURILLO,2021-06-01,1,JUNIO,400.0888888888889,11737,6,24.633347184299716,320.44444444444446,26.28352988950622
CURILLO,2021-11-01,1,NOVIEMBRE,218.59047619047618,11737,11,26.28352988950622,400.0888888888889,24.633347184299716
CURILLO,2021-12-01,1,DICIEMBRE,159.63968253968255,11737,12,26.581735541573835,218.59047619047618,26.28352988950622
CURILLO,2022-03-01,4,MARZO,319.7650793650794,11737,3,25.943279120273466,159.63968253968255,26.581735541573835
CURILLO,2022-04-01,5,ABRIL,394.147619047619,11737,4,25.62266570558836,319.7650793650794,25.943279120273466
CURILLO,2022-05-01,2,MAYO,425.1634920634921,11737,5,25.199496259878302,394.147619047619,25.62266570558836
CURILLO,2022-06-01,2,JUNIO,356.79417989417993,11737,6,24.633347184299716,425.1634920634921,25.199496259878302
CURILLO,2022-07-01,19,JULIO,325.7804232804233,11737,7,24.70597187682467,356.79417989417993,24.633347184299716
CURILLO,2022-08-01,6,AGOSTO,288.6333333333333,11737,8,25.312192175577902,325.7804232804233,24.70597187682467
CURILLO,2022-10-01,3,OCTUBRE,249.30555555555554,11737,10,26.231315861030545,288.6333333333333,25.312192175577902
CURILLO,2022-11-01,2,NOVIEMBRE,174.3777777777778,11737,11,26.28352988950622,249.30555555555554,26.231315861030545
CURILLO,2022-12-01,6,DICIEMBRE,109.60555555555555,11737,12,26.581735541573835,174.3777777777778,26.28352988950622
CURILLO,2023-01-01,7,ENERO,192.02222222222224,11737,1,26.31726056102881,109.60555555555555,26.581735541573835
CURILLO,2023-02-01,3,FEBRERO,196.8111111111111,11737,2,26.88753757301854,192.02222222222224,26.31726056102881
CURILLO,2023-03-01,4,MARZO,316.4222222222222,11737,3,25.943279120273466,196.8111111111111,26.88753757301854
CURILLO,2023-04-01,3,ABRIL,363.85925925925926,11737,4,25.62266570558836,316.4222222222222,25.943279120273466
CURILLO,2023-05-01,2,MAYO,410.4962962962963,11737,5,25.199496259878302,363.85925925925926,25.62266570558836
CURILLO,2023-07-01,3,JULIO,348.8703703703703,11737,7,24.70597187682467,410.4962962962963,25.199496259878302
CURILLO,2023-09-01,1,SEPTIEMBRE,215.93333333333334,11737,9,26.176352884506635,348.8703703703703,24.70597187682467
CURILLO,2023-11-01,1,NOVIEMBRE,253.0111111111111,11737,11,26.28352988950622,215.93333333333334,26.176352884506635
CURILLO,2023-12-01,1,DICIEMBRE,331.65555555555557,11737,12,26.581735541573835,253.0111111111111,26.28352988950622
EL DONCELLO,2019-01-01,1,ENERO,133.5,22183,1,26.31726056102881,144.5,26.581735541573835
EL DONCELLO,2019-02-01,1,FEBRERO,75.4,22183,2,26.88753757301854,133.5,26.31726056102881
EL DONCELLO,2019-03-01,1,MARZO,507.6,22183,3,25.943279120273466,75.4,26.88753757301854
EL DONCELLO,2019-04-01,1,ABRIL,385.6,22183,4,25.62266570558836,507.6,25.943279120273466
EL DONCELLO,2019-05-01,1,MAYO,355.8,22183,5,25.199496259878302,385.6,25.62266570558836
EL DONCELLO,2019-07-01,4,JULIO,296.2,22183,7,24.70597187682467,355.8,25.199496259878302
EL DONCELLO,2019-08-01,2,AGOSTO,162.4,22183,8,25.312192175577902,296.2,24.70597187682467
EL DONCELLO,2019-09-01,5,SEPTIEMBRE,285.0,22183,9,26.176352884506635,162.4,25.312192175577902
EL DONCELLO,2019-10-01,1,OCTUBRE,410.6,22183,10,26.231315861030545,285.0,26.176352884506635
EL DONCELLO,2019-11-01,6,NOVIEMBRE,286.4,22183,11,26.28352988950622,410.6,26.231315861030545
EL DONCELLO,2019-12-01,8,DICIEMBRE,244.9,22183,12,26.581735541573835,286.4,26.28352988950622
EL DONCELLO,2020-01-01,30,ENERO,50.3,22183,1,26.31726056102881,244.9,26.581735541573835
EL DONCELLO,2020-02-01,41,FEBRERO,238.2,22183,2,26.88753757301854,50.3,26.31726056102881
EL DONCELLO,2020-03-01,18,MARZO,158.5,22183,3,25.943279120273466,238.2,26.88753757301854
EL DONCELLO,2020-04-01,2,ABRIL,207.0,22183,4,25.62266570558836,158.5,25.943279120273466
EL DONCELLO,2020-06-01,1,JUNIO,310.9,22183,6,24.633347184299716,207.0,25.62266570558836
EL DONCELLO,2020-07-01,1,JULIO,319.1,22183,7,24.70597187682467,310.9,24.633347184299716
EL DONCELLO,2020-12-01,1,DICIEMBRE,77.9,22183,12,26.581735541573835,319.1,24.70597187682467
EL DONCELLO,2021-02-01,1,FEBRERO,176.0,22183,2,26.88753757301854,77.9,26.581735541573835
EL DONCELLO,2021-03-01,1,MARZO,281.2,22183,3,25.943279120273466,176.0,26.88753757301854
EL DONCELLO,2021-06-01,1,JUNIO,437.9,22183,6,24.633347184299716,281.2,25.943279120273466
EL DONCELLO,2021-12-01,1,DICIEMBRE,98.7,22183,12,26.581735541573835,437.9,24.633347184299716
EL DONCELLO,2022-03-01,2,MARZO,357.7,22183,3,25.943279120273466,98.7,26.581735541573835
EL DONCELLO,2022-04-01,5,ABRIL,330.2,22183,4,25.62266570558836,357.7,25.943279120273466
EL DONCELLO,2022-05-01,2,MAYO,436.3,22183,5,25.199496259878302,330.2,25.62266570558836
EL DONCELLO,2022-06-01,4,JUNIO,489.2,22183,6,24.633347184299716,436.3,25.199496259878302
EL DONCELLO,2022-07-01,5,JULIO,246.2,22183,7,24.70597187682467,489.2,24.633347184299716
EL DONCELLO,2022-10-01,2,OCTUBRE,188.4,22183,10,26.231315861030545,246.2,24.70597187682467
EL DONCELLO,2022-11-01,1,NOVIEMBRE,145.8,22183,11,26.28352988950622,188.4,26.231315861030545
EL DONCELLO,2023-01-01,1,ENERO,102.6,22183,1,26.31726056102881,145.8,26.28352988950622
EL DONCELLO,2023-02-01,2,FEBRERO,220.9,22183,2,26.88753757301854,102.6,26.31726056102881
EL DONCELLO,2023-03-01,4,MARZO,195.7,22183,3,25.943279120273466,220.9,26.88753757301854
EL DONCELLO,2023-04-01,6,ABRIL,353.4,22183,4,25.62266570558836,195.7,25.943279120273466
EL DONCELLO,2023-05-01,5,MAYO,329.0,22183,5,25.199496259878302,353.4,25.62266570558836
EL DONCELLO,2023-06-01,5,JUNIO,384.8,22183,6,24.633347184299716,329.0,25.199496259878302
EL DONCELLO,2023-07-01,12,JULIO,318.9,22183,7,24.70597187682467,384.8,24.633347184299716
EL DONCELLO,2023-08-01,6,AGOSTO,147.2,22183,8,25.312192175577902,318.9,24.70597187682467
EL DONCELLO,2023-09-01,6,SEPTIEMBRE,234.4,22183,9,26.176352884506635,147.2,25.312192175577902
EL DONCELLO,2023-10-01,8,OCTUBRE,161.0,22183,10,26.231315861030545,234.4,26.176352884506635
EL DONCELLO,2023-11-01,1,NOVIEMBRE,170.6,22183,11,26.28352988950622,161.0,26.231315861030545
EL DONCELLO,2023-12-01,2,DICIEMBRE,144.5,22183,12,26.581735541573835,170.6,26.28352988950622
EL PAUJIL,2018-03-01,1,MARZO,211.5,20528,3,25.943279120273466,170.6,26.28352988950622
EL PAUJIL,2019-07-01,1,JULIO,296.2,20528,7,24.70597187682467,211.5,25.943279120273466
EL PAUJIL,2019-08-01,1,AGOSTO,162.4,20528,8,25.312192175577902,296.2,24.70597187682467
EL PAUJIL,2019-09-01,2,SEPTIEMBRE,285.0,20528,9,26.176352884506635,162.4,25.312192175577902
EL PAUJIL,2019-10-01,6,OCTUBRE,410.6,20528,10,26.231315861030545,285.0,26.176352884506635
EL PAUJIL,2019-11-01,6,NOVIEMBRE,286.4,20528,11,26.28352988950622,410.6,26.231315861030545
EL PAUJIL,2019-12-01,7,DICIEMBRE,244.9,20528,12,26.581735541573835,286.4,26.28352988950622
EL PAUJIL,2020-01-01,20,ENERO,50.3,20528,1,26.31726056102881,244.9,26.581735541573835
EL PAUJIL,2020-02-01,15,FEBRERO,238.2,20528,2,26.88753757301854,50.3,26.31726056102881
EL PAUJIL,2020-03-01,22,MARZO,158.5,20528,3,25.943279120273466,238.2,26.88753757301854
EL PAUJIL,2020-04-01,8,ABRIL,207.0,20528,4,25.62266570558836,158.5,25.943279120273466
EL PAUJIL,2020-05-01,2,MAYO,464.0,20528,5,25.199496259878302,207.0,25.62266570558836
EL PAUJIL,2020-10-01,1,OCTUBRE,280.1,20528,10,26.231315861030545,464.0,25.199496259878302
EL PAUJIL,2021-03-01,2,MARZO,281.2,20528,3,25.943279120273466,280.1,26.231315861030545
EL PAUJIL,2021-04-01,1,ABRIL,363.5,20528,4,25.62266570558836,281.2,25.943279120273466
EL PAUJIL,2021-05-01,1,MAYO,526.4,20528,5,25.199496259878302,363.5,25.62266570558836
EL PAUJIL,2021-06-01,1,JUNIO,437.9,20528,6,24.633347184299716,526.4,25.199496259878302
EL PAUJIL,2021-07-01,1,JULIO,413.2,20528,7,24.70597187682467,437.9,24.633347184299716
EL PAUJIL,2021-08-01,1,AGOSTO,266.8,20528,8,25.312192175577902,413.2,24.70597187682467
EL PAUJIL,2021-09-01,1,SEPTIEMBRE,260.0,20528,9,26.176352884506635,266.8,25.312192175577902
EL PAUJIL,2022-01-01,1,ENERO,61.5,20528,1,26.31726056102881,260.0,26.176352884506635
EL PAUJIL,2022-02-01,7,FEBRERO,213.8,20528,2,26.88753757301854,61.5,26.31726056102881
EL PAUJIL,2022-03-01,19,MARZO,357.7,20528,3,25.943279120273466,213.8,26.88753757301854
EL PAUJIL,2022-04-01,18,ABRIL,330.2,20528,4,25.62266570558836,357.7,25.943279120273466
EL PAUJIL,2022-05-01,7,MAYO,436.3,20528,5,25.199496259878302,330.2,25.62266570558836
EL PAUJIL,2022-06-01,8,JUNIO,489.2,20528,6,24.633347184299716,436.3,25.199496259878302
EL PAUJIL,2022-07-01,1,JULIO,246.2,20528,7,24.70597187682467,489.2,24.633347184299716
EL PAUJIL,2022-08-01,1,AGOSTO,345.7,20528,8,25.312192175577902,246.2,24.70597187682467
EL PAUJIL,2022-10-01,3,OCTUBRE,188.4,20528,10,26.231315861030545,345.7,25.312192175577902
EL PAUJIL,2022-11-01,4,NOVIEMBRE,145.8,20528,11,26.28352988950622,188.4,26.231315861030545
EL PAUJIL,2022-12-01,2,DICIEMBRE,124.2,20528,12,26.581735541573835,145.8,26.28352988950622
EL PAUJIL,2023-01-01,4,ENERO,102.6,20528,1,26.31726056102881,124.2,26.581735541573835
EL PAUJIL,2023-02-01,11,FEBRERO,220.9,20528,2,26.88753757301854,102.6,26.31726056102881
EL PAUJIL,2023-03-01,5,MARZO,195.7,20528,3,25.943279120273466,220.9,26.88753757301854
EL PAUJIL,2023-04-01,1,ABRIL,353.4,20528,4,25.62266570558836,195.7,25.943279120273466
EL PAUJIL,2023-05-01,1,MAYO,329.0,20528,5,25.199496259878302,353.4,25.62266570558836
EL PAUJIL,2023-06-01,3,JUNIO,384.8,20528,6,24.633347184299716,329.0,25.199496259878302
EL PAUJIL,2023-11-01,4,NOVIEMBRE,170.6,20528,11,26.28352988950622,384.8,24.633347184299716
FLORENCIA,2018-01-01,6,ENERO,287.8571428571429,175395,1,26.31726056102881,242.85,26.581735541573835
FLORENCIA,2018-02-01,8,FEBRERO,212.26428571428573,175395,2,26.88753757301854,287.8571428571429,26.31726056102881
FLORENCIA,2018-03-01,11,MARZO,243.6,175395,3,25.943279120273466,212.26428571428573,26.88753757301854
FLORENCIA,2018-04-01,7,ABRIL,455.85,175395,4,25.62266570558836,243.6,25.943279120273466
FLORENCIA,2018-05-01,5,MAYO,387.85,175395,5,25.199496259878302,455.85,25.62266570558836
FLORENCIA,2018-06-01,7,JUNIO,302.35,175395,6,24.633347184299716,387.85,25.199496259878302
FLORENCIA,2018-07-01,6,JULIO,291.6,175395,7,24.70597187682467,302.35,24.633347184299716
FLORENCIA,2018-08-01,2,AGOSTO,280.85,175395,8,25.312192175577902,291.6,24.70597187682467
FLORENCIA,2018-09-01,2,SEPTIEMBRE,215.1,175395,9,26.176352884506635,280.85,25.312192175577902
FLORENCIA,2018-11-01,4,NOVIEMBRE,169.55,175395,11,26.28352988950622,215.1,26.176352884506635
FLORENCIA,2018-12-01,10,DICIEMBRE,106.03333333333333,175395,12,26.581735541573835,169.55,26.28352988950622
FLORENCIA,2019-01-01,13,ENERO,205.51666666666665,175395,1,26.31726056102881,106.03333333333333,26.581735541573835
FLORENCIA,2019-02-01,6,FEBRERO,145.5,175395,2,26.88753757301854,205.51666666666665,26.31726056102881
FLORENCIA,2019-03-01,13,MARZO,317.3,175395,3,25.943279120273466,145.5,26.88753757301854
FLORENCIA,2019-04-01,20,ABRIL,313.9,175395,4,25.62266570558836,317.3,25.943279120273466
FLORENCIA,2019-05-01,24,MAYO,342.1,175395,5,25.199496259878302,313.9,25.62266570558836
FLORENCIA,2019-06-01,38,JUNIO,483.05,175395,6,24.633347184299716,342.1,25.199496259878302
FLORENCIA,2019-07-01,50,JULIO,348.9625,175395,7,24.70597187682467,483.05,24.633347184299716
FLORENCIA,2019-08-01,35,AGOSTO,263.875,175395,8,25.312192175577902,348.9625,24.70597187682467
FLORENCIA,2019-09-01,19,SEPTIEMBRE,234.7875,175395,9,26.176352884506635,263.875,25.312192175577902
FLORENCIA,2019-10-01,33,OCTUBRE,197.2,175395,10,26.231315861030545,234.7875,26.176352884506635
FLORENCIA,2019-11-01,40,NOVIEMBRE,198.1,175395,11,26.28352988950622,197.2,26.231315861030545
FLORENCIA,2019-12-01,76,DICIEMBRE,238.2,175395,12,26.581735541573835,198.1,26.28352988950622
FLORENCIA,2020-01-01,154,ENERO,91.85,175395,1,26.31726056102881,238.2,26.581735541573835
FLORENCIA,2020-02-01,129,FEBRERO,182.35,175395,2,26.88753757301854,91.85,26.31726056102881
FLORENCIA,2020-03-01,122,MARZO,221.15,175395,3,25.943279120273466,182.35,26.88753757301854
FLORENCIA,2020-04-01,101,ABRIL,256.3,175395,4,25.62266570558836,221.15,25.943279120273466
FLORENCIA,2020-05-01,72,MAYO,409.4,175395,5,25.199496259878302,256.3,25.62266570558836
FLORENCIA,2020-06-01,33,JUNIO,300.0,175395,6,24.633347184299716,409.4,25.199496259878302
FLORENCIA,2020-07-01,16,JULIO,264.6,175395,7,24.70597187682467,300.0,24.633347184299716
FLORENCIA,2020-08-01,6,AGOSTO,121.1,175395,8,25.312192175577902,264.6,24.70597187682467
FLORENCIA,2020-09-01,5,SEPTIEMBRE,160.4,175395,9,26.176352884506635,121.1,25.312192175577902
FLORENCIA,2020-10-01,4,OCTUBRE,286.1,175395,10,26.231315861030545,160.4,26.176352884506635
FLORENCIA,2020-11-01,6,NOVIEMBRE,258.4,175395,11,26.28352988950622,286.1,26.231315861030545
FLORENCIA,2020-12-01,20,DICIEMBRE,155.65,175395,12,26.581735541573835,258.4,26.28352988950622
FLORENCIA,2021-01-01,20,ENERO,116.05,175395,1,26.31726056102881,155.65,26.581735541573835
FLORENCIA,2021-02-01,20,FEBRERO,112.85,175395,2,26.88753757301854,116.05,26.31726056102881
FLORENCIA,2021-03-01,36,MARZO,237.45,175395,3,25.943279120273466,112.85,26.88753757301854
FLORENCIA,2021-04-01,27,ABRIL,409.75,175395,4,25.62266570558836,237.45,25.943279120273466
FLORENCIA,2021-05-01,18,MAYO,582.6,175395,5,25.199496259878302,409.75,25.62266570558836
FLORENCIA,2021-06-01,18,JUNIO,458.15,175395,6,24.633347184299716,582.6,25.199496259878302
FLORENCIA,2021-07-01,11,JULIO,447.65,175395,7,24.70597187682467,458.15,24.633347184299716
FLORENCIA,2021-08-01,5,AGOSTO,173.85,175395,8,25.312192175577902,447.65,24.70597187682467
FLORENCIA,2021-09-01,12,SEPTIEMBRE,194.7,175395,9,26.176352884506635,173.85,25.312192175577902
FLORENCIA,2021-10-01,18,OCTUBRE,237.4,175395,10,26.231315861030545,194.7,26.176352884506635
FLORENCIA,2021-11-01,13,NOVIEMBRE,194.55,175395,11,26.28352988950622,237.4,26.231315861030545
FLORENCIA,2021-12-01,17,DICIEMBRE,104.0,175395,12,26.581735541573835,194.55,26.28352988950622
FLORENCIA,2022-01-01,24,ENERO,111.85,175395,1,26.31726056102881,104.0,26.581735541573835
FLORENCIA,2022-02-01,27,FEBRERO,183.45,175395,2,26.88753757301854,111.85,26.31726056102881
FLORENCIA,2022-03-01,36,MARZO,312.1,175395,3,25.943279120273466,183.45,26.88753757301854
FLORENCIA,2022-04-01,57,ABRIL,468.9,175395,4,25.62266570558836,312.1,25.943279120273466
FLORENCIA,2022-05-01,55,MAYO,404.9,175395,5,25.199496259878302,468.9,25.62266570558836
FLORENCIA,2022-06-01,35,JUNIO,438.15,175395,6,24.633347184299716,404.9,25.199496259878302
FLORENCIA,2022-07-01,48,JULIO,368.1,175395,7,24.70597187682467,438.15,24.633347184299716
FLORENCIA,2022-08-01,43,AGOSTO,328.05,175395,8,25.312192175577902,368.1,24.70597187682467
FLORENCIA,2022-09-01,25,SEPTIEMBRE,261.95,175395,9,26.176352884506635,328.05,25.312192175577902
FLORENCIA,2022-10-01,71,OCTUBRE,272.025,175395,10,26.231315861030545,261.95,26.176352884506635
FLORENCIA,2022-11-01,53,NOVIEMBRE,189.55,175395,11,26.28352988950622,272.025,26.231315861030545
FLORENCIA,2022-12-01,60,DICIEMBRE,136.675,175395,12,26.581735541573835,189.55,26.28352988950622
FLORENCIA,2023-01-01,144,ENERO,182.85,175395,1,26.31726056102881,136.675,26.581735541573835
FLORENCIA,2023-02-01,134,FEBRERO,153.05,175395,2,26.88753757301854,182.85,26.31726056102881
FLORENCIA,2023-03-01,130,MARZO,344.9,175395,3,25.943279120273466,153.05,26.88753757301854
FLORENCIA,2023-04-01,127,ABRIL,407.15,175395,4,25.62266570558836,344.9,25.943279120273466
FLORENCIA,2023-05-01,93,MAYO,402.8,175395,5,25.199496259878302,407.15,25.62266570558836
FLORENCIA,2023-06-01,59,JUNIO,417.65,175395,6,24.633347184299716,402.8,25.199496259878302
FLORENCIA,2023-07-01,44,JULIO,414.7,175395,7,24.70597187682467,417.65,24.633347184299716
FLORENCIA,2023-08-01,22,AGOSTO,109.7,175395,8,25.312192175577902,414.7,24.70597187682467
FLORENCIA,2023-09-01,26,SEPTIEMBRE,157.4,175395,9,26.176352884506635,109.7,25.312192175577902
FLORENCIA,2023-10-01,38,OCTUBRE,199.1,175395,10,26.231315861030545,157.4,26.176352884506635
FLORENCIA,2023-11-01,13,NOVIEMBRE,286.1,175395,11,26.28352988950622,199.1,26.231315861030545
FLORENCIA,2023-12-01,36,DICIEMBRE,242.85,175395,12,26.581735541573835,286.1,26.28352988950622
LA MONTANITA,2019-01-01,1,ENERO,236.0,23789,1,26.31726056102881,449.0,26.581735541573835
LA MONTANITA,2019-04-01,1,ABRIL,354.0,23789,4,25.62266570558836,236.0,26.31726056102881
LA MONTANITA,2019-06-01,1,JUNIO,671.0,23789,6,24.633347184299716,354.0,25.62266570558836
LA MONTANITA,2019-07-01,2,JULIO,509.0,23789,7,24.70597187682467,671.0,24.633347184299716
LA MONTANITA,2019-08-01,1,AGOSTO,224.0,23789,8,25.312192175577902,509.0,24.70597187682467
LA MONTANITA,2019-09-01,3,SEPTIEMBRE,195.0,23789,9,26.176352884506635,224.0,25.312192175577902
LA MONTANITA,2019-10-01,2,OCTUBRE,239.0,23789,10,26.231315861030545,195.0,26.176352884506635
LA MONTANITA,2019-11-01,4,NOVIEMBRE,480.0,23789,11,26.28352988950622,239.0,26.231315861030545
LA MONTANITA,2019-12-01,5,DICIEMBRE,394.0,23789,12,26.581735541573835,480.0,26.28352988950622
LA MONTANITA,2020-01-01,7,ENERO,288.5,23789,1,26.31726056102881,394.0,26.581735541573835
LA MONTANITA,2020-02-01,9,FEBRERO,183.0,23789,2,26.88753757301854,288.5,26.31726056102881
LA MONTANITA,2020-03-01,4,MARZO,347.0,23789,3,25.943279120273466,183.0,26.88753757301854
LA MONTANITA,2020-04-01,1,ABRIL,361.0,23789,4,25.62266570558836,347.0,25.943279120273466
LA MONTANITA,2020-05-01,2,MAYO,812.0,23789,5,25.199496259878302,361.0,25.62266570558836
LA MONTANITA,2020-06-01,1,JUNIO,313.0,23789,6,24.633347184299716,812.0,25.199496259878302
LA MONTANITA,2021-03-01,1,MARZO,331.0,23789,3,25.943279120273466,313.0,24.633347184299716
LA MONTANITA,2021-12-01,1,DICIEMBRE,97.0,23789,12,26.581735541573835,331.0,25.943279120273466
LA MONTANITA,2022-02-01,2,FEBRERO,300.0,23789,2,26.88753757301854,97.0,26.581735541573835
LA MONTANITA,2022-03-01,5,MARZO,441.0,23789,3,25.943279120273466,300.0,26.88753757301854
LA MONTANITA,2022-04-01,3,ABRIL,668.0,23789,4,25.62266570558836,441.0,25.943279120273466
LA MONTANITA,2022-05-01,3,MAYO,712.0,23789,5,25.199496259878302,668.0,25.62266570558836
LA MONTANITA,2022-06-01,5,JUNIO,479.0,23789,6,24.633347184299716,712.0,25.199496259878302
LA MONTANITA,2022-07-01,3,JULIO,464.0,23789,7,24.70597187682467,479.0,24.633347184299716
LA MONTANITA,2022-09-01,1,SEPTIEMBRE,206.0,23789,9,26.176352884506635,464.0,24.70597187682467
LA MONTANITA,2022-10-01,4,OCTUBRE,276.0,23789,10,26.231315861030545,206.0,26.176352884506635
LA MONTANITA,2022-12-01,2,DICIEMBRE,67.0,23789,12,26.581735541573835,276.0,26.231315861030545
LA MONTANITA,2023-01-01,3,ENERO,277.0,23789,1,26.31726056102881,67.0,26.581735541573835
LA MONTANITA,2023-02-01,1,FEBRERO,366.0,23789,2,26.88753757301854,277.0,26.31726056102881
LA MONTANITA,2023-03-01,7,MARZO,382.0,23789,3,25.943279120273466,366.0,26.88753757301854
LA MONTANITA,2023-04-01,2,ABRIL,560.0,23789,4,25.62266570558836,382.0,25.943279120273466
LA MONTANITA,2023-05-01,6,MAYO,573.0,23789,5,25.199496259878302,560.0,25.62266570558836
LA MONTANITA,2023-06-01,3,JUNIO,590.0,23789,6,24.633347184299716,573.0,25.199496259878302
LA MONTANITA,2023-07-01,2,JULIO,336.0,23789,7,24.70597187682467,590.0,24.633347184299716
LA MONTANITA,2023-11-01,2,NOVIEMBRE,193.0,23789,11,26.28352988950622,336.0,24.70597187682467
LA MONTANITA,2023-12-01,1,DICIEMBRE,449.0,23789,12,26.581735541573835,193.0,26.28352988950622
MILAN,2020-01-01,2,ENERO,288.5,11774,1,26.31726056102881,336.0,24.70597187682467
MILAN,2020-03-01,2,MARZO,347.0,11774,3,25.943279120273466,288.5,26.31726056102881
MILAN,2020-04-01,3,ABRIL,361.0,11774,4,25.62266570558836,347.0,25.943279120273466
MILAN,2020-05-01,7,MAYO,812.0,11774,5,25.199496259878302,361.0,25.62266570558836
MILAN,2020-06-01,1,JUNIO,313.0,11774,6,24.633347184299716,812.0,25.199496259878302
MILAN,2020-07-01,3,JULIO,292.0,11774,7,24.70597187682467,313.0,24.633347184299716
MILAN,2020-10-01,3,OCTUBRE,390.0,11774,10,26.231315861030545,292.0,24.70597187682467
MILAN,2020-11-01,1,NOVIEMBRE,305.0,11774,11,26.28352988950622,390.0,26.231315861030545
MILAN,2020-12-01,4,DICIEMBRE,293.0,11774,12,26.581735541573835,305.0,26.28352988950622
MILAN,2021-01-01,6,ENERO,178.0,11774,1,26.31726056102881,293.0,26.581735541573835
MILAN,2021-02-01,14,FEBRERO,257.0,11774,2,26.88753757301854,178.0,26.31726056102881
MILAN,2021-03-01,2,MARZO,331.0,11774,3,25.943279120273466,257.0,26.88753757301854
MILAN,2021-04-01,4,ABRIL,640.0,11774,4,25.62266570558836,331.0,25.943279120273466
MILAN,2021-05-01,1,MAYO,778.0,11774,5,25.199496259878302,640.0,25.62266570558836
MILAN,2022-01-01,1,ENERO,183.0,11774,1,26.31726056102881,778.0,25.199496259878302
MILAN,2022-08-01,1,AGOSTO,442.0,11774,8,25.312192175577902,183.0,26.31726056102881
MILAN,2022-11-01,1,NOVIEMBRE,171.0,11774,11,26.28352988950622,442.0,25.312192175577902
MILAN,2023-01-01,2,ENERO,277.0,11774,1,26.31726056102881,171.0,26.28352988950622
MILAN,2023-02-01,1,FEBRERO,366.0,11774,2,26.88753757301854,277.0,26.31726056102881
MILAN,2023-04-01,8,ABRIL,560.0,11774,4,25.62266570558836,366.0,26.88753757301854
MILAN,2023-05-01,2,MAYO,573.0,11774,5,25.199496259878302,560.0,25.62266570558836
MILAN,2023-07-01,2,JULIO,336.0,11774,7,24.70597187682467,573.0,25.199496259878302
MORELIA,2018-07-01,1,JULIO,315.7,3836,7,24.70597187682467,553.3,25.62266570558836
MORELIA,2019-03-01,1,MARZO,305.6,3836,3,25.943279120273466,315.7,24.70597187682467
MORELIA,2020-01-01,1,ENERO,53.7,3836,1,26.31726056102881,305.6,25.943279120273466
MORELIA,2020-02-01,2,FEBRERO,196.7,3836,2,26.88753757301854,53.7,26.31726056102881
MORELIA,2020-03-01,1,MARZO,285.3,3836,3,25.943279120273466,196.7,26.88753757301854
MORELIA,2020-04-01,2,ABRIL,328.6,3836,4,25.62266570558836,285.3,25.943279120273466
MORELIA,2020-12-01,1,DICIEMBRE,109.3,3836,12,26.581735541573835,328.6,25.62266570558836
MORELIA,2022-08-01,1,AGOSTO,324.1,3836,8,25.312192175577902,109.3,26.581735541573835
MORELIA,2022-11-01,1,NOVIEMBRE,181.6,3836,11,26.28352988950622,324.1,25.312192175577902
MORELIA,2023-01-01,2,ENERO,214.7,3836,1,26.31726056102881,181.6,26.28352988950622
MORELIA,2023-03-01,1,MARZO,384.8,3836,3,25.943279120273466,214.7,26.31726056102881
MORELIA,2023-04-01,3,ABRIL,553.3,3836,4,25.62266570558836,384.8,25.943279120273466
PUERTO RICO,2018-05-01,1,MAYO,404.0,33447,5,25.199496259878302,144.5,26.581735541573835
PUERTO RICO,2018-07-01,1,JULIO,216.6,33447,7,24.70597187682467,404.0,25.199496259878302
PUERTO RICO,2018-10-01,1,OCTUBRE,294.8,33447,10,26.231315861030545,216.6,24.70597187682467
PUERTO RICO,2019-01-01,1,ENERO,133.5,33447,1,26.31726056102881,294.8,26.231315861030545
PUERTO RICO,2019-02-01,2,FEBRERO,75.4,33447,2,26.88753757301854,133.5,26.31726056102881
PUERTO RICO,2019-04-01,3,ABRIL,385.6,33447,4,25.62266570558836,75.4,26.88753757301854
PUERTO RICO,2019-05-01,6,MAYO,355.8,33447,5,25.199496259878302,385.6,25.62266570558836
PUERTO RICO,2019-06-01,7,JUNIO,326.0,33447,6,24.633347184299716,355.8,25.199496259878302
PUERTO RICO,2019-07-01,14,JULIO,296.2,33447,7,24.70597187682467,326.0,24.633347184299716
PUERTO RICO,2019-08-01,3,AGOSTO,162.4,33447,8,25.312192175577902,296.2,24.70597187682467
PUERTO RICO,2019-09-01,3,SEPTIEMBRE,285.0,33447,9,26.176352884506635,162.4,25.312192175577902
PUERTO RICO,2019-10-01,7,OCTUBRE,410.6,33447,10,26.231315861030545,285.0,26.176352884506635
PUERTO RICO,2019-11-01,13,NOVIEMBRE,286.4,33447,11,26.28352988950622,410.6,26.231315861030545
PUERTO RICO,2019-12-01,28,DICIEMBRE,244.9,33447,12,26.581735541573835,286.4,26.28352988950622
PUERTO RICO,2020-01-01,44,ENERO,50.3,33447,1,26.31726056102881,244.9,26.581735541573835
PUERTO RICO,2020-02-01,51,FEBRERO,238.2,33447,2,26.88753757301854,50.3,26.31726056102881
PUERTO RICO,2020-03-01,14,MARZO,158.5,33447,3,25.943279120273466,238.2,26.88753757301854
PUERTO RICO,2020-04-01,16,ABRIL,207.0,33447,4,25.62266570558836,158.5,25.943279120273466
PUERTO RICO,2020-05-01,16,MAYO,464.0,33447,5,25.199496259878302,207.0,25.62266570558836
PUERTO RICO,2020-06-01,18,JUNIO,310.9,33447,6,24.633347184299716,464.0,25.199496259878302
PUERTO RICO,2020-07-01,8,JULIO,319.1,33447,7,24.70597187682467,310.9,24.633347184299716
PUERTO RICO,2020-08-01,2,AGOSTO,163.4,33447,8,25.312192175577902,319.1,24.70597187682467
PUERTO RICO,2020-09-01,2,SEPTIEMBRE,105.9,33447,9,26.176352884506635,163.4,25.312192175577902
PUERTO RICO,2020-12-01,1,DICIEMBRE,77.9,33447,12,26.581735541573835,105.9,26.176352884506635
PUERTO RICO,2021-01-01,4,ENERO,135.8,33447,1,26.31726056102881,77.9,26.581735541573835
PUERTO RICO,2021-02-01,1,FEBRERO,176.0,33447,2,26.88753757301854,135.8,26.31726056102881
PUERTO RICO,2021-03-01,5,MARZO,281.2,33447,3,25.943279120273466,176.0,26.88753757301854
PUERTO RICO,2021-04-01,8,ABRIL,363.5,33447,4,25.62266570558836,281.2,25.943279120273466
PUERTO RICO,2021-05-01,7,MAYO,526.4,33447,5,25.199496259878302,363.5,25.62266570558836
PUERTO RICO,2021-06-01,1,JUNIO,437.9,33447,6,24.633347184299716,526.4,25.199496259878302
PUERTO RICO,2021-07-01,4,JULIO,413.2,33447,7,24.70597187682467,437.9,24.633347184299716
PUERTO RICO,2021-08-01,1,AGOSTO,266.8,33447,8,25.312192175577902,413.2,24.70597187682467
PUERTO RICO,2021-10-01,1,OCTUBRE,276.0,33447,10,26.231315861030545,266.8,25.312192175577902
PUERTO RICO,2021-12-01,5,DICIEMBRE,98.7,33447,12,26.581735541573835,276.0,26.231315861030545
PUERTO RICO,2022-03-01,5,MARZO,357.7,33447,3,25.943279120273466,98.7,26.581735541573835
PUERTO RICO,2022-04-01,3,ABRIL,330.2,33447,4,25.62266570558836,357.7,25.943279120273466
PUERTO RICO,2022-05-01,4,MAYO,436.3,33447,5,25.199496259878302,330.2,25.62266570558836
PUERTO RICO,2022-06-01,3,JUNIO,489.2,33447,6,24.633347184299716,436.3,25.199496259878302
PUERTO RICO,2022-07-01,2,JULIO,246.2,33447,7,24.70597187682467,489.2,24.633347184299716
PUERTO RICO,2022-08-01,1,AGOSTO,345.7,33447,8,25.312192175577902,246.2,24.70597187682467
PUERTO RICO,2022-09-01,1,SEPTIEMBRE,333.2,33447,9,26.176352884506635,345.7,25.312192175577902
PUERTO RICO,2022-10-01,4,OCTUBRE,188.4,33447,10,26.231315861030545,333.2,26.176352884506635
PUERTO RICO,2022-11-01,1,NOVIEMBRE,145.8,33447,11,26.28352988950622,188.4,26.231315861030545
PUERTO RICO,2022-12-01,1,DICIEMBRE,124.2,33447,12,26.581735541573835,145.8,26.28352988950622
PUERTO RICO,2023-01-01,2,ENERO,102.6,33447,1,26.31726056102881,124.2,26.581735541573835
PUERTO RICO,2023-02-01,6,FEBRERO,220.9,33447,2,26.88753757301854,102.6,26.31726056102881
PUERTO RICO,2023-03-01,14,MARZO,195.7,33447,3,25.943279120273466,220.9,26.88753757301854
PUERTO RICO,2023-04-01,11,ABRIL,353.4,33447,4,25.62266570558836,195.7,25.943279120273466
PUERTO RICO,2023-05-01,13,MAYO,329.0,33447,5,25.199496259878302,353.4,25.62266570558836
PUERTO RICO,2023-06-01,10,JUNIO,384.8,33447,6,24.633347184299716,329.0,25.199496259878302
PUERTO RICO,2023-07-01,10,JULIO,318.9,33447,7,24.70597187682467,384.8,24.633347184299716
PUERTO RICO,2023-08-01,1,AGOSTO,147.2,33447,8,25.312192175577902,318.9,24.70597187682467
PUERTO RICO,2023-09-01,1,SEPTIEMBRE,234.4,33447,9,26.176352884506635,147.2,25.312192175577902
PUERTO RICO,2023-10-01,5,OCTUBRE,161.0,33447,10,26.231315861030545,234.4,26.176352884506635
PUERTO RICO,2023-11-01,7,NOVIEMBRE,170.6,33447,11,26.28352988950622,161.0,26.231315861030545
PUERTO RICO,2023-12-01,19,DICIEMBRE,144.5,33447,12,26.581735541573835,170.6,26.28352988950622
SAN JOSE DEL FRAGUA,2018-07-01,1,JULIO,258.0,15029,7,24.70597187682467,295.0,26.581735541573835
SAN JOSE DEL FRAGUA,2018-10-01,1,OCTUBRE,393.0,15029,10,26.231315861030545,258.0,24.70597187682467
SAN JOSE DEL FRAGUA,2019-02-01,2,FEBRERO,141.0,15029,2,26.88753757301854,393.0,26.231315861030545
SAN JOSE DEL FRAGUA,2019-03-01,2,MARZO,466.0,15029,3,25.943279120273466,141.0,26.88753757301854
SAN JOSE DEL FRAGUA,2019-04-01,2,ABRIL,377.0,15029,4,25.62266570558836,466.0,25.943279120273466
SAN JOSE DEL FRAGUA,2019-05-01,4,MAYO,527.0,15029,5,25.199496259878302,377.0,25.62266570558836
SAN JOSE DEL FRAGUA,2019-06-01,3,JUNIO,393.0,15029,6,24.633347184299716,527.0,25.199496259878302
SAN JOSE DEL FRAGUA,2019-07-01,2,JULIO,461.0,15029,7,24.70597187682467,393.0,24.633347184299716
SAN JOSE DEL FRAGUA,2019-08-01,1,AGOSTO,197.0,15029,8,25.312192175577902,461.0,24.70597187682467
SAN JOSE DEL FRAGUA,2019-10-01,7,OCTUBRE,271.0,15029,10,26.231315861030545,197.0,25.312192175577902
SAN JOSE DEL FRAGUA,2019-11-01,8,NOVIEMBRE,248.0,15029,11,26.28352988950622,271.0,26.231315861030545
SAN JOSE DEL FRAGUA,2019-12-01,9,DICIEMBRE,292.0,15029,12,26.581735541573835,248.0,26.28352988950622
SAN JOSE DEL FRAGUA,2020-01-01,12,ENERO,110.0,15029,1,26.31726056102881,292.0,26.581735541573835
SAN JOSE DEL FRAGUA,2020-02-01,19,FEBRERO,207.0,15029,2,26.88753757301854,110.0,26.31726056102881
SAN JOSE DEL FRAGUA,2020-03-01,15,MARZO,252.0,15029,3,25.943279120273466,207.0,26.88753757301854
SAN JOSE DEL FRAGUA,2020-04-01,3,ABRIL,324.0,15029,4,25.62266570558836,252.0,25.943279120273466
SAN JOSE DEL FRAGUA,2020-05-01,6,MAYO,413.0,15029,5,25.199496259878302,324.0,25.62266570558836
SAN JOSE DEL FRAGUA,2020-06-01,1,JUNIO,319.0,15029,6,24.633347184299716,413.0,25.199496259878302
SAN JOSE DEL FRAGUA,2020-08-01,1,AGOSTO,178.0,15029,8,25.312192175577902,319.0,24.633347184299716
SAN JOSE DEL FRAGUA,2020-10-01,1,OCTUBRE,234.0,15029,10,26.231315861030545,178.0,25.312192175577902
SAN JOSE DEL FRAGUA,2020-12-01,1,DICIEMBRE,288.0,15029,12,26.581735541573835,234.0,26.231315861030545
SAN JOSE DEL FRAGUA,2021-03-01,3,MARZO,273.0,15029,3,25.943279120273466,288.0,26.581735541573835
SAN JOSE DEL FRAGUA,2021-04-01,3,ABRIL,353.0,15029,4,25.62266570558836,273.0,25.943279120273466
SAN JOSE DEL FRAGUA,2021-05-01,8,MAYO,299.0,15029,5,25.199496259878302,353.0,25.62266570558836
SAN JOSE DEL FRAGUA,2021-06-01,2,JUNIO,259.0,15029,6,24.633347184299716,299.0,25.199496259878302
SAN JOSE DEL FRAGUA,2021-07-01,1,JULIO,437.0,15029,7,24.70597187682467,259.0,24.633347184299716
SAN JOSE DEL FRAGUA,2021-11-01,1,NOVIEMBRE,206.0,15029,11,26.28352988950622,437.0,24.70597187682467
SAN JOSE DEL FRAGUA,2021-12-01,1,DICIEMBRE,142.0,15029,12,26.581735541573835,206.0,26.28352988950622
SAN JOSE DEL FRAGUA,2022-02-01,1,FEBRERO,186.0,15029,2,26.88753757301854,142.0,26.581735541573835
SAN JOSE DEL FRAGUA,2022-03-01,3,MARZO,265.0,15029,3,25.943279120273466,186.0,26.88753757301854
SAN JOSE DEL FRAGUA,2022-04-01,7,ABRIL,262.0,15029,4,25.62266570558836,265.0,25.943279120273466
SAN JOSE DEL FRAGUA,2022-05-01,2,MAYO,400.0,15029,5,25.199496259878302,262.0,25.62266570558836
SAN JOSE DEL FRAGUA,2022-06-01,4,JUNIO,187.0,15029,6,24.633347184299716,400.0,25.199496259878302
SAN JOSE DEL FRAGUA,2022-07-01,1,JULIO,264.0,15029,7,24.70597187682467,187.0,24.633347184299716
SAN JOSE DEL FRAGUA,2022-08-01,1,AGOSTO,194.0,15029,8,25.312192175577902,264.0,24.70597187682467
SAN JOSE DEL FRAGUA,2022-09-01,2,SEPTIEMBRE,167.0,15029,9,26.176352884506635,194.0,25.312192175577902
SAN JOSE DEL FRAGUA,2022-10-01,2,OCTUBRE,304.0,15029,10,26.231315861030545,167.0,26.176352884506635
SAN JOSE DEL FRAGUA,2022-11-01,4,NOVIEMBRE,176.0,15029,11,26.28352988950622,304.0,26.231315861030545
SAN JOSE DEL FRAGUA,2022-12-01,2,DICIEMBRE,133.0,15029,12,26.581735541573835,176.0,26.28352988950622
SAN JOSE DEL FRAGUA,2023-01-01,4,ENERO,280.0,15029,1,26.31726056102881,133.0,26.581735541573835
SAN JOSE DEL FRAGUA,2023-02-01,6,FEBRERO,146.0,15029,2,26.88753757301854,280.0,26.31726056102881
SAN JOSE DEL FRAGUA,2023-03-01,8,MARZO,402.0,15029,3,25.943279120273466,146.0,26.88753757301854
SAN JOSE DEL FRAGUA,2023-04-01,10,ABRIL,271.0,15029,4,25.62266570558836,402.0,25.943279120273466
SAN JOSE DEL FRAGUA,2023-05-01,3,MAYO,314.0,15029,5,25.199496259878302,271.0,25.62266570558836
SAN JOSE DEL FRAGUA,2023-06-01,5,JUNIO,289.0,15029,6,24.633347184299716,314.0,25.199496259878302
SAN JOSE DEL FRAGUA,2023-07-01,4,JULIO,199.0,15029,7,24.70597187682467,289.0,24.633347184299716
SAN JOSE DEL FRAGUA,2023-09-01,5,SEPTIEMBRE,229.0,15029,9,26.176352884506635,199.0,24.70597187682467
SAN JOSE DEL FRAGUA,2023-10-01,3,OCTUBRE,214.0,15029,10,26.231315861030545,229.0,26.176352884506635
SAN JOSE DEL FRAGUA,2023-11-01,11,NOVIEMBRE,407.0,15029,11,26.28352988950622,214.0,26.231315861030545
SAN JOSE DEL FRAGUA,2023-12-01,3,DICIEMBRE,295.0,15029,12,26.581735541573835,407.0,26.28352988950622
SAN VICENTE DEL CAGUAN,2018-01-01,5,ENERO,174.0,69214,1,26.31726056102881,227.0,26.581735541573835
SAN VICENTE DEL CAGUAN,2018-02-01,8,FEBRERO,30.0,69214,2,26.88753757301854,174.0,26.31726056102881
SAN VICENTE DEL CAGUAN,2018-03-01,5,MARZO,444.0,69214,3,25.943279120273466,30.0,26.88753757301854
SAN VICENTE DEL CAGUAN,2018-04-01,4,ABRIL,292.0,69214,4,25.62266570558836,444.0,25.943279120273466
SAN VICENTE DEL CAGUAN,2018-05-01,11,MAYO,491.0,69214,5,25.199496259878302,292.0,25.62266570558836
SAN VICENTE DEL CAGUAN,2018-06-01,16,JUNIO,409.0,69214,6,24.633347184299716,491.0,25.199496259878302
SAN VICENTE DEL CAGUAN,2018-07-01,12,JULIO,287.0,69214,7,24.70597187682467,409.0,24.633347184299716
SAN VICENTE DEL CAGUAN,2018-08-01,8,AGOSTO,217.0,69214,8,25.312192175577902,287.0,24.70597187682467
SAN VICENTE DEL CAGUAN,2018-09-01,2,SEPTIEMBRE,79.0,69214,9,26.176352884506635,217.0,25.312192175577902
SAN VICENTE DEL CAGUAN,2018-10-01,10,OCTUBRE,74.5,69214,10,26.231315861030545,79.0,26.176352884506635
SAN VICENTE DEL CAGUAN,2018-11-01,9,NOVIEMBRE,70.0,69214,11,26.28352988950622,74.5,26.231315861030545
SAN VICENTE DEL CAGUAN,2018-12-01,10,DICIEMBRE,50.0,69214,12,26.581735541573835,70.0,26.28352988950622
SAN VICENTE DEL CAGUAN,2019-01-01,5,ENERO,115.0,69214,1,26.31726056102881,50.0,26.581735541573835
SAN VICENTE DEL CAGUAN,2019-02-01,7,FEBRERO,96.0,69214,2,26.88753757301854,115.0,26.31726056102881
SAN VICENTE DEL CAGUAN,2019-03-01,3,MARZO,165.0,69214,3,25.943279120273466,96.0,26.88753757301854
SAN VICENTE DEL CAGUAN,2019-04-01,13,ABRIL,351.0,69214,4,25.62266570558836,165.0,25.943279120273466
SAN VICENTE DEL CAGUAN,2019-05-01,17,MAYO,384.0,69214,5,25.199496259878302,351.0,25.62266570558836
SAN VICENTE DEL CAGUAN,2019-06-01,27,JUNIO,539.0,69214,6,24.633347184299716,384.0,25.199496259878302
SAN VICENTE DEL CAGUAN,2019-07-01,52,JULIO,310.0,69214,7,24.70597187682467,539.0,24.633347184299716
SAN VICENTE DEL CAGUAN,2019-08-01,58,AGOSTO,136.0,69214,8,25.312192175577902,310.0,24.70597187682467
SAN VICENTE DEL CAGUAN,2019-09-01,52,SEPTIEMBRE,169.0,69214,9,26.176352884506635,136.0,25.312192175577902
SAN VICENTE DEL CAGUAN,2019-10-01,68,OCTUBRE,315.0,69214,10,26.231315861030545,169.0,26.176352884506635
SAN VICENTE DEL CAGUAN,2019-11-01,63,NOVIEMBRE,374.0,69214,11,26.28352988950622,315.0,26.231315861030545
SAN VICENTE DEL CAGUAN,2019-12-01,83,DICIEMBRE,149.0,69214,12,26.581735541573835,374.0,26.28352988950622
SAN VICENTE DEL CAGUAN,2020-01-01,160,ENERO,161.0,69214,1,26.31726056102881,149.0,26.581735541573835
SAN VICENTE DEL CAGUAN,2020-02-01,137,FEBRERO,200.0,69214,2,26.88753757301854,161.0,26.31726056102881
SAN VICENTE DEL CAGUAN,2020-03-01,71,MARZO,156.0,69214,3,25.943279120273466,200.0,26.88753757301854
SAN VICENTE DEL CAGUAN,2020-04-01,43,ABRIL,256.0,69214,4,25.62266570558836,156.0,25.943279120273466
SAN VICENTE DEL CAGUAN,2020-05-01,22,MAYO,493.0,69214,5,25.199496259878302,256.0,25.62266570558836
SAN VICENTE DEL CAGUAN,2020-06-01,8,JUNIO,417.0,69214,6,24.633347184299716,493.0,25.199496259878302
SAN VICENTE DEL CAGUAN,2020-07-01,16,JULIO,246.0,69214,7,24.70597187682467,417.0,24.633347184299716
SAN VICENTE DEL CAGUAN,2020-08-01,4,AGOSTO,215.0,69214,8,25.312192175577902,246.0,24.70597187682467
SAN VICENTE DEL CAGUAN,2020-09-01,4,SEPTIEMBRE,205.0,69214,9,26.176352884506635,215.0,25.312192175577902
SAN VICENTE DEL CAGUAN,2020-10-01,3,OCTUBRE,135.0,69214,10,26.231315861030545,205.0,26.176352884506635
SAN VICENTE DEL CAGUAN,2020-11-01,4,NOVIEMBRE,387.0,69214,11,26.28352988950622,135.0,26.231315861030545
SAN VICENTE DEL CAGUAN,2020-12-01,2,DICIEMBRE,162.0,69214,12,26.581735541573835,387.0,26.28352988950622
SAN VICENTE DEL CAGUAN,2021-01-01,2,ENERO,216.0,69214,1,26.31726056102881,162.0,26.581735541573835
SAN VICENTE DEL CAGUAN,2021-02-01,5,FEBRERO,110.0,69214,2,26.88753757301854,216.0,26.31726056102881
SAN VICENTE DEL CAGUAN,2021-03-01,2,MARZO,409.0,69214,3,25.943279120273466,110.0,26.88753757301854
SAN VICENTE DEL CAGUAN,2021-04-01,6,ABRIL,417.0,69214,4,25.62266570558836,409.0,25.943279120273466
SAN VICENTE DEL CAGUAN,2021-05-01,4,MAYO,493.0,69214,5,25.199496259878302,417.0,25.62266570558836
SAN VICENTE DEL CAGUAN,2021-06-01,3,JUNIO,288.0,69214,6,24.633347184299716,493.0,25.199496259878302
SAN VICENTE DEL CAGUAN,2021-07-01,2,JULIO,309.0,69214,7,24.70597187682467,288.0,24.633347184299716
SAN VICENTE DEL CAGUAN,2021-08-01,3,AGOSTO,144.0,69214,8,25.312192175577902,309.0,24.70597187682467
SAN VICENTE DEL CAGUAN,2021-09-01,3,SEPTIEMBRE,175.0,69214,9,26.176352884506635,144.0,25.312192175577902
SAN VICENTE DEL CAGUAN,2021-10-01,5,OCTUBRE,188.0,69214,10,26.231315861030545,175.0,26.176352884506635
SAN VICENTE DEL CAGUAN,2021-11-01,4,NOVIEMBRE,201.0,69214,11,26.28352988950622,188.0,26.231315861030545
SAN VICENTE DEL CAGUAN,2021-12-01,5,DICIEMBRE,214.0,69214,12,26.581735541573835,201.0,26.28352988950622
SAN VICENTE DEL CAGUAN,2022-01-01,3,ENERO,227.0,69214,1,26.31726056102881,214.0,26.581735541573835
SAN VICENTE DEL CAGUAN,2022-02-01,13,FEBRERO,240.0,69214,2,26.88753757301854,227.0,26.31726056102881
SAN VICENTE DEL CAGUAN,2022-03-01,29,MARZO,253.0,69214,3,25.943279120273466,240.0,26.88753757301854
SAN VICENTE DEL CAGUAN,2022-04-01,46,ABRIL,266.0,69214,4,25.62266570558836,253.0,25.943279120273466
SAN VICENTE DEL CAGUAN,2022-05-01,48,MAYO,279.0,69214,5,25.199496259878302,266.0,25.62266570558836
SAN VICENTE DEL CAGUAN,2022-06-01,19,JUNIO,292.0,69214,6,24.633347184299716,279.0,25.199496259878302
SAN VICENTE DEL CAGUAN,2022-07-01,20,JULIO,314.0,69214,7,24.70597187682467,292.0,24.633347184299716
SAN VICENTE DEL CAGUAN,2022-08-01,3,AGOSTO,186.0,69214,8,25.312192175577902,314.0,24.70597187682467
SAN VICENTE DEL CAGUAN,2022-09-01,2,SEPTIEMBRE,304.0,69214,9,26.176352884506635,186.0,25.312192175577902
SAN VICENTE DEL CAGUAN,2022-10-01,4,OCTUBRE,515.0,69214,10,26.231315861030545,304.0,26.176352884506635
SAN VICENTE DEL CAGUAN,2022-11-01,6,NOVIEMBRE,256.0,69214,11,26.28352988950622,515.0,26.231315861030545
SAN VICENTE DEL CAGUAN,2022-12-01,2,DICIEMBRE,33.0,69214,12,26.581735541573835,256.0,26.28352988950622
SAN VICENTE DEL CAGUAN,2023-01-01,14,ENERO,152.0,69214,1,26.31726056102881,33.0,26.581735541573835
SAN VICENTE DEL CAGUAN,2023-02-01,22,FEBRERO,130.0,69214,2,26.88753757301854,152.0,26.31726056102881
SAN VICENTE DEL CAGUAN,2023-03-01,20,MARZO,405.0,69214,3,25.943279120273466,130.0,26.88753757301854
SAN VICENTE DEL CAGUAN,2023-04-01,29,ABRIL,280.0,69214,4,25.62266570558836,405.0,25.943279120273466
SAN VICENTE DEL CAGUAN,2023-05-01,38,MAYO,539.0,69214,5,25.199496259878302,280.0,25.62266570558836
SAN VICENTE DEL CAGUAN,2023-06-01,39,JUNIO,518.0,69214,6,24.633347184299716,539.0,25.199496259878302
SAN VICENTE DEL CAGUAN,2023-07-01,56,JULIO,372.0,69214,7,24.70597187682467,518.0,24.633347184299716
SAN VICENTE DEL CAGUAN,2023-08-01,48,AGOSTO,214.0,69214,8,25.312192175577902,372.0,24.70597187682467
SAN VICENTE DEL CAGUAN,2023-09-01,25,SEPTIEMBRE,215.0,69214,9,26.176352884506635,214.0,25.312192175577902
SAN VICENTE DEL CAGUAN,2023-10-01,22,OCTUBRE,139.0,69214,10,26.231315861030545,215.0,26.176352884506635
SAN VICENTE DEL CAGUAN,2023-11-01,21,NOVIEMBRE,134.0,69214,11,26.28352988950622,139.0,26.231315861030545
SAN VICENTE DEL CAGUAN,2023-12-01,21,DICIEMBRE,227.0,69214,12,26.581735541573835,134.0,26.28352988950622
SOLANO,2018-04-01,1,ABRIL,401.4666666666667,24131,4,25.62266570558836,461.23333333333335,26.581735541573835
SOLANO,2018-07-01,1,JULIO,410.0,24131,7,24.70597187682467,401.4666666666667,25.62266570558836
SOLANO,2018-10-01,1,OCTUBRE,295.06666666666666,24131,10,26.231315861030545,410.0,24.70597187682467
SOLANO,2018-11-01,2,NOVIEMBRE,281.3,24131,11,26.28352988950622,295.06666666666666,26.231315861030545
SOLANO,2019-02-01,2,FEBRERO,345.8,24131,2,26.88753757301854,281.3,26.28352988950622
SOLANO,2019-04-01,1,ABRIL,234.33333333333334,24131,4,25.62266570558836,345.8,26.88753757301854
SOLANO,2019-05-01,1,MAYO,395.0,24131,5,25.199496259878302,234.33333333333334,25.62266570558836
SOLANO,2019-08-01,2,AGOSTO,193.9,24131,8,25.312192175577902,395.0,25.199496259878302
SOLANO,2019-11-01,2,NOVIEMBRE,277.09999999999997,24131,11,26.28352988950622,193.9,25.312192175577902
SOLANO,2020-01-01,3,ENERO,181.1,24131,1,26.31726056102881,277.09999999999997,26.28352988950622
SOLANO,2020-02-01,1,FEBRERO,212.7777777777778,24131,2,26.88753757301854,181.1,26.31726056102881
SOLANO,2020-04-01,5,ABRIL,331.1666666666667,24131,4,25.62266570558836,212.7777777777778,26.88753757301854
SOLANO,2020-05-01,1,MAYO,456.8333333333333,24131,5,25.199496259878302,331.1666666666667,25.62266570558836
SOLANO,2020-06-01,2,JUNIO,381.0333333333333,24131,6,24.633347184299716,456.8333333333333,25.199496259878302
SOLANO,2020-09-01,1,SEPTIEMBRE,385.43333333333334,24131,9,26.176352884506635,381.0333333333333,24.633347184299716
SOLANO,2021-11-01,2,NOVIEMBRE,284.43809523809523,24131,11,26.28352988950622,385.43333333333334,26.176352884506635
SOLANO,2021-12-01,4,DICIEMBRE,225.6857142857143,24131,12,26.581735541573835,284.43809523809523,26.28352988950622
SOLANO,2022-01-01,3,ENERO,286.76666666666665,24131,1,26.31726056102881,225.6857142857143,26.581735541573835
SOLANO,2022-02-01,3,FEBRERO,358.5809523809524,24131,2,26.88753757301854,286.76666666666665,26.31726056102881
SOLANO,2022-03-01,1,MARZO,312.3285714285714,24131,3,25.943279120273466,358.5809523809524,26.88753757301854
SOLANO,2022-04-01,3,ABRIL,361.1095238095238,24131,4,25.62266570558836,312.3285714285714,25.943279120273466
SOLANO,2022-05-01,7,MAYO,396.45714285714286,24131,5,25.199496259878302,361.1095238095238,25.62266570558836
SOLANO,2022-06-01,10,JUNIO,295.8825396825397,24131,6,24.633347184299716,396.45714285714286,25.199496259878302
SOLANO,2022-07-01,6,JULIO,302.54126984126987,24131,7,24.70597187682467,295.8825396825397,24.633347184299716
SOLANO,2022-08-01,1,AGOSTO,257.96666666666664,24131,8,25.312192175577902,302.54126984126987,24.70597187682467
SOLANO,2022-09-01,5,SEPTIEMBRE,264.26666666666665,24131,9,26.176352884506635,257.96666666666664,25.312192175577902
SOLANO,2022-10-01,15,OCTUBRE,138.76666666666668,24131,10,26.231315861030545,264.26666666666665,26.176352884506635
SOLANO,2022-11-01,12,NOVIEMBRE,147.16666666666666,24131,11,26.28352988950622,138.76666666666668,26.231315861030545
SOLANO,2022-12-01,7,DICIEMBRE,118.63333333333333,24131,12,26.581735541573835,147.16666666666666,26.28352988950622
SOLANO,2023-01-01,18,ENERO,183.63333333333333,24131,1,26.31726056102881,118.63333333333333,26.581735541573835
SOLANO,2023-02-01,33,FEBRERO,200.76666666666665,24131,2,26.88753757301854,183.63333333333333,26.31726056102881
SOLANO,2023-03-01,51,MARZO,257.76666666666665,24131,3,25.943279120273466,200.76666666666665,26.88753757301854
SOLANO,2023-04-01,31,ABRIL,332.0111111111111,24131,4,25.62266570558836,257.76666666666665,25.943279120273466
SOLANO,2023-05-01,23,MAYO,377.9555555555556,24131,5,25.199496259878302,332.0111111111111,25.62266570558836
SOLANO,2023-06-01,8,JUNIO,270.6333333333333,24131,6,24.633347184299716,377.9555555555556,25.199496259878302
SOLANO,2023-07-01,5,JULIO,361.5111111111111,24131,7,24.70597187682467,270.6333333333333,24.633347184299716
SOLANO,2023-08-01,6,AGOSTO,251.58888888888887,24131,8,25.312192175577902,361.5111111111111,24.70597187682467
SOLANO,2023-09-01,5,SEPTIEMBRE,234.4,24131,9,26.176352884506635,251.58888888888887,25.312192175577902
SOLANO,2023-10-01,3,OCTUBRE,215.29999999999998,24131,10,26.231315861030545,234.4,26.176352884506635
SOLANO,2023-11-01,19,NOVIEMBRE,266.76666666666665,24131,11,26.28352988950622,215.29999999999998,26.231315861030545
SOLANO,2023-12-01,11,DICIEMBRE,461.23333333333335,24131,12,26.581735541573835,266.76666666666665,26.28352988950622
SOLITA,2018-07-01,1,JULIO,532.0,9143,7,24.70597187682467,271.0,26.28352988950622
SOLITA,2019-05-01,1,MAYO,368.0,9143,5,25.199496259878302,532.0,24.70597187682467
SOLITA,2019-07-01,2,JULIO,243.0,9143,7,24.70597187682467,368.0,25.199496259878302
SOLITA,2019-12-01,2,DICIEMBRE,346.0,9143,12,26.581735541573835,243.0,24.70597187682467
SOLITA,2020-03-01,2,MARZO,167.0,9143,3,25.943279120273466,346.0,26.581735541573835
SOLITA,2020-04-01,2,ABRIL,458.0,9143,4,25.62266570558836,167.0,25.943279120273466
SOLITA,2020-05-01,2,MAYO,547.0,9143,5,25.199496259878302,458.0,25.62266570558836
SOLITA,2020-06-01,1,JUNIO,248.0,9143,6,24.633347184299716,547.0,25.199496259878302
SOLITA,2020-11-01,1,NOVIEMBRE,571.0,9143,11,26.28352988950622,248.0,24.633347184299716
SOLITA,2022-03-01,9,MARZO,443.0,9143,3,25.943279120273466,571.0,26.28352988950622
SOLITA,2022-04-01,7,ABRIL,410.0,9143,4,25.62266570558836,443.0,25.943279120273466
SOLITA,2022-05-01,9,MAYO,503.0,9143,5,25.199496259878302,410.0,25.62266570558836
SOLITA,2022-07-01,7,JULIO,357.66666666666663,9143,7,24.70597187682467,503.0,25.199496259878302
SOLITA,2022-08-01,3,AGOSTO,285.0,9143,8,25.312192175577902,357.66666666666663,24.70597187682467
SOLITA,2022-09-01,1,SEPTIEMBRE,250.0,9143,9,26.176352884506635,285.0,25.312192175577902
SOLITA,2022-10-01,2,OCTUBRE,74.0,9143,10,26.231315861030545,250.0,26.176352884506635
SOLITA,2022-11-01,1,NOVIEMBRE,112.0,9143,11,26.28352988950622,74.0,26.231315861030545
SOLITA,2022-12-01,2,DICIEMBRE,160.0,9143,12,26.581735541573835,112.0,26.28352988950622
SOLITA,2023-01-01,4,ENERO,260.0,9143,1,26.31726056102881,160.0,26.581735541573835
SOLITA,2023-02-01,3,FEBRERO,304.0,9143,2,26.88753757301854,260.0,26.31726056102881
SOLITA,2023-03-01,3,MARZO,229.0,9143,3,25.943279120273466,304.0,26.88753757301854
SOLITA,2023-04-01,4,ABRIL,484.0,9143,4,25.62266570558836,229.0,25.943279120273466
SOLITA,2023-05-01,3,MAYO,631.0,9143,5,25.199496259878302,484.0,25.62266570558836
SOLITA,2023-06-01,1,JUNIO,334.0,9143,6,24.633347184299716,631.0,25.199496259878302
SOLITA,2023-09-01,1,SEPTIEMBRE,263.0,9143,9,26.176352884506635,334.0,24.633347184299716
SOLITA,2023-11-01,2,NOVIEMBRE,271.0,9143,11,26.28352988950622,263.0,26.176352884506635
VALPARAISO,2019-05-01,2,MAYO,395.22222222222223,11687,5,25.199496259878302,331.65555555555557,26.581735541573835
VALPARAISO,2019-11-01,2,NOVIEMBRE,290.65555555555557,11687,11,26.28352988950622,395.22222222222223,25.199496259878302
VALPARAISO,2019-12-01,1,DICIEMBRE,268.6333333333333,11687,12,26.581735541573835,290.65555555555557,26.28352988950622
VALPARAISO,2020-01-01,3,ENERO,148.53333333333333,11687,1,26.31726056102881,268.6333333333333,26.581735541573835
VALPARAISO,2020-02-01,1,FEBRERO,203.47037037037038,11687,2,26.88753757301854,148.53333333333333,26.31726056102881
VALPARAISO,2020-03-01,7,MARZO,235.88518518518518,11687,3,25.943279120273466,203.47037037037038,26.88753757301854
VALPARAISO,2020-04-01,7,ABRIL,294.9,11687,4,25.62266570558836,235.88518518518518,25.943279120273466
VALPARAISO,2020-05-01,3,MAYO,485.70000000000005,11687,5,25.199496259878302,294.9,25.62266570558836
VALPARAISO,2020-06-01,3,JUNIO,344.77777777777777,11687,6,24.633347184299716,485.70000000000005,25.199496259878302
VALPARAISO,2020-09-01,1,SEPTIEMBRE,251.22222222222223,11687,9,26.176352884506635,344.77777777777777,24.633347184299716
VALPARAISO,2021-07-01,1,JULIO,429.24920634920636,11687,7,24.70597187682467,251.22222222222223,26.176352884506635
VALPARAISO,2022-05-01,1,MAYO,425.1634920634921,11687,5,25.199496259878302,429.24920634920636,24.70597187682467
VALPARAISO,2023-01-01,1,ENERO,192.02222222222224,11687,1,26.31726056102881,425.1634920634921,25.199496259878302
VALPARAISO,2023-04-01,2,ABRIL,363.85925925925926,11687,4,25.62266570558836,192.02222222222224,26.31726056102881
VALPARAISO,2023-05-01,1,MAYO,410.4962962962963,11687,5,25.199496259878302,363.85925925925926,25.62266570558836
VALPARAISO,2023-06-01,4,JUNIO,381.0,11687,6,24.633347184299716,410.4962962962963,25.199496259878302
VALPARAISO,2023-08-01,3,AGOSTO,201.3740740740741,11687,8,25.312192175577902,381.0,24.633347184299716
VALPARAISO,2023-10-01,2,OCTUBRE,181.89999999999998,11687,10,26.231315861030545,201.3740740740741,25.312192175577902
VALPARAISO,2023-12-01,1,DICIEMBRE,331.65555555555557,11687,12,26.581735541573835,181.89999999999998,26.231315861030545
