MUNICIPIO REPORTE,Fecha,Casos_Dengue,Lluvia_mm
FLORENCIA,2018-01-01,6,10.023808679586699
FLORENCIA,2018-02-01,8,263.57193549533264
FLORENCIA,2018-03-01,11,82.84900348029099
FLORENCIA,2018-04-01,7,132.72822529528918
FLORENCIA,2018-05-01,5,105.96197300685874
FLORENCIA,2018-06-01,7,327.70556765435947
FLORENCIA,2018-07-01,6,321.5903870788359
FLORENCIA,2018-08-01,2,72.40493823643881
FLORENCIA,2018-09-01,2,150.25067290615678
FLORENCIA,2018-10-01,0,79.89107515609368
FLORENCIA,2018-11-01,4,355.67877934723657
FLORENCIA,2018-12-01,10,55.387287017421905
FLORENCIA,2019-01-01,13,89.16896902843985
FLORENCIA,2019-02-01,6,198.07438306775458
FLORENCIA,2019-03-01,13,323.27049115473795
FLORENCIA,2019-04-01,20,320.1829866584784
FLORENCIA,2019-05-01,24,387.25838965776944
FLORENCIA,2019-06-01,38,140.66417061944634
FLORENCIA,2019-07-01,50,238.8488766883846
FLORENCIA,2019-08-01,35,71.76636489793849
FLORENCIA,2019-09-01,19,23.575635784476923
FLORENCIA,2019-10-01,33,196.4396243754301
FLORENCIA,2019-11-01,40,399.51730842268086
FLORENCIA,2019-12-01,76,103.75501777210339
FLORENCIA,2020-01-01,154,393.6899059971488
FLORENCIA,2020-02-01,129,397.1408091798788
FLORENCIA,2020-03-01,122,349.03956693426557
FLORENCIA,2020-04-01,101,364.54282497176405
FLORENCIA,2020-05-01,72,93.93154889753843
FLORENCIA,2020-06-01,33,211.81961327960087
FLORENCIA,2020-07-01,16,259.9655181319184
FLORENCIA,2020-08-01,6,167.44680732361675
FLORENCIA,2020-09-01,5,129.7095781501377
FLORENCIA,2020-10-01,4,216.3386973830791
FLORENCIA,2020-11-01,6,119.84301446578658
FLORENCIA,2020-12-01,20,311.6271606266929
FLORENCIA,2021-01-01,20,160.78057799406372
FLORENCIA,2021-02-01,20,317.8131537110579
FLORENCIA,2021-03-01,36,269.75561503052876
FLORENCIA,2021-04-01,27,10.31192911634422
FLORENCIA,2021-05-01,18,67.74249073386338
FLORENCIA,2021-06-01,18,113.83201162947762
FLORENCIA,2021-07-01,11,221.98971750815267
FLORENCIA,2021-08-01,5,321.50005708577095
FLORENCIA,2021-09-01,12,144.26204834326518
FLORENCIA,2021-10-01,18,359.6673861230007
FLORENCIA,2021-11-01,13,194.39489477480453
FLORENCIA,2021-12-01,17,84.78065107807309
FLORENCIA,2022-01-01,24,88.8742380244051
FLORENCIA,2022-02-01,27,129.2345227174822
FLORENCIA,2022-03-01,36,124.01966011132419
FLORENCIA,2022-04-01,57,12.527671594705891
FLORENCIA,2022-05-01,55,324.315382902863
FLORENCIA,2022-06-01,35,82.66009077088685
FLORENCIA,2022-07-01,48,305.3802814001442
FLORENCIA,2022-08-01,43,37.07292926420105
FLORENCIA,2022-09-01,25,352.8252471555264
FLORENCIA,2022-10-01,71,51.41694964553536
FLORENCIA,2022-11-01,53,75.7115402133048
FLORENCIA,2022-12-01,60,341.8264741277148
FLORENCIA,2023-01-01,144,91.51841694099056
FLORENCIA,2023-02-01,134,307.60578255892506
FLORENCIA,2023-03-01,130,140.09012837091285
FLORENCIA,2023-04-01,127,158.4002569820241
FLORENCIA,2023-05-01,93,315.0439663144898
FLORENCIA,2023-06-01,59,383.9371600478129
FLORENCIA,2023-07-01,44,117.14065495706012
FLORENCIA,2023-08-01,22,190.5218965486688
FLORENCIA,2023-09-01,26,375.2629028565897
FLORENCIA,2023-10-01,38,92.08118616237688
FLORENCIA,2023-11-01,13,77.50241603728622
FLORENCIA,2023-12-01,36,75.27258945708937
SAN VICENTE DEL CAGUAN,2018-01-01,5,394.2827487344094
SAN VICENTE DEL CAGUAN,2018-02-01,8,380.3384417636468
SAN VICENTE DEL CAGUAN,2018-03-01,5,367.56469550868957
SAN VICENTE DEL CAGUAN,2018-04-01,4,329.14591558609453
SAN VICENTE DEL CAGUAN,2018-05-01,11,294.985654720456
SAN VICENTE DEL CAGUAN,2018-06-01,16,140.32343414042802
SAN VICENTE DEL CAGUAN,2018-07-01,12,54.62112576798699
SAN VICENTE DEL CAGUAN,2018-08-01,8,236.35104728917975
SAN VICENTE DEL CAGUAN,2018-09-01,2,360.4461777706137
SAN VICENTE DEL CAGUAN,2018-10-01,10,168.78643867281497
SAN VICENTE DEL CAGUAN,2018-11-01,9,232.58229307371235
SAN VICENTE DEL CAGUAN,2018-12-01,10,144.60901570400887
SAN VICENTE DEL CAGUAN,2019-01-01,5,68.23714987994288
SAN VICENTE DEL CAGUAN,2019-02-01,7,167.3844613422064
SAN VICENTE DEL CAGUAN,2019-03-01,3,189.2052359266142
SAN VICENTE DEL CAGUAN,2019-04-01,13,163.35228187879372
SAN VICENTE DEL CAGUAN,2019-05-01,17,333.60601282781477
SAN VICENTE DEL CAGUAN,2019-06-01,27,245.66641385512486
SAN VICENTE DEL CAGUAN,2019-07-01,52,85.78891854731934
SAN VICENTE DEL CAGUAN,2019-08-01,58,246.0492843787536
SAN VICENTE DEL CAGUAN,2019-09-01,52,11.358561497620423
SAN VICENTE DEL CAGUAN,2019-10-01,68,219.48875125049025
SAN VICENTE DEL CAGUAN,2019-11-01,63,87.68697202618311
SAN VICENTE DEL CAGUAN,2019-12-01,83,244.8863430240599
SAN VICENTE DEL CAGUAN,2020-01-01,160,372.4084614866097
SAN VICENTE DEL CAGUAN,2020-02-01,137,264.6443205200169
SAN VICENTE DEL CAGUAN,2020-03-01,71,272.71003139345277
SAN VICENTE DEL CAGUAN,2020-04-01,43,314.33767307753413
SAN VICENTE DEL CAGUAN,2020-05-01,22,59.5496077195973
SAN VICENTE DEL CAGUAN,2020-06-01,8,26.64550669920729
SAN VICENTE DEL CAGUAN,2020-07-01,16,334.75636270860673
SAN VICENTE DEL CAGUAN,2020-08-01,4,194.7538941651431
SAN VICENTE DEL CAGUAN,2020-09-01,4,82.41172103759942
SAN VICENTE DEL CAGUAN,2020-10-01,3,215.4912905260499
SAN VICENTE DEL CAGUAN,2020-11-01,4,120.51249218568523
SAN VICENTE DEL CAGUAN,2020-12-01,2,220.6629337560979
SAN VICENTE DEL CAGUAN,2021-01-01,2,53.20056845222809
SAN VICENTE DEL CAGUAN,2021-02-01,5,348.7026629803789
SAN VICENTE DEL CAGUAN,2021-03-01,2,275.16183271291834
SAN VICENTE DEL CAGUAN,2021-04-01,6,215.47141853512204
SAN VICENTE DEL CAGUAN,2021-05-01,4,261.1174281828547
SAN VICENTE DEL CAGUAN,2021-06-01,3,71.52866520773813
SAN VICENTE DEL CAGUAN,2021-07-01,2,125.4388729343518
SAN VICENTE DEL CAGUAN,2021-08-01,3,162.60907744467642
SAN VICENTE DEL CAGUAN,2021-09-01,3,154.55856919815565
SAN VICENTE DEL CAGUAN,2021-10-01,5,128.38789031242607
SAN VICENTE DEL CAGUAN,2021-11-01,4,100.73541298031668
SAN VICENTE DEL CAGUAN,2021-12-01,5,231.41000634111276
SAN VICENTE DEL CAGUAN,2022-01-01,3,110.58761026155591
SAN VICENTE DEL CAGUAN,2022-02-01,13,258.5526467892696
SAN VICENTE DEL CAGUAN,2022-03-01,29,200.38003311748614
SAN VICENTE DEL CAGUAN,2022-04-01,46,306.96577430933985
SAN VICENTE DEL CAGUAN,2022-05-01,48,297.1032641225698
SAN VICENTE DEL CAGUAN,2022-06-01,19,285.6658257796308
SAN VICENTE DEL CAGUAN,2022-07-01,20,197.3500973741591
SAN VICENTE DEL CAGUAN,2022-08-01,3,192.6465674347217
SAN VICENTE DEL CAGUAN,2022-09-01,2,267.04258127645784
SAN VICENTE DEL CAGUAN,2022-10-01,4,340.73355770408415
SAN VICENTE DEL CAGUAN,2022-11-01,6,28.475795169180486
SAN VICENTE DEL CAGUAN,2022-12-01,2,390.1811226042289
SAN VICENTE DEL CAGUAN,2023-01-01,14,332.4065561787757
SAN VICENTE DEL CAGUAN,2023-02-01,22,232.14496848202936
SAN VICENTE DEL CAGUAN,2023-03-01,20,396.1560723822851
SAN VICENTE DEL CAGUAN,2023-04-01,29,359.3496408738904
SAN VICENTE DEL CAGUAN,2023-05-01,38,145.68037457154023
SAN VICENTE DEL CAGUAN,2023-06-01,39,335.62348500934723
SAN VICENTE DEL CAGUAN,2023-07-01,56,350.1078899046034
SAN VICENTE DEL CAGUAN,2023-08-01,48,376.1250232433222
SAN VICENTE DEL CAGUAN,2023-09-01,25,346.8989804125925
SAN VICENTE DEL CAGUAN,2023-10-01,22,343.1534923512261
SAN VICENTE DEL CAGUAN,2023-11-01,21,42.9245704131024
SAN VICENTE DEL CAGUAN,2023-12-01,21,99.63489571270547
CARTAGENA DELCHAIRA,2018-01-01,0,130.60547869155758
CARTAGENA DELCHAIRA,2018-02-01,1,220.94378149782884
CARTAGENA DELCHAIRA,2018-03-01,0,278.38592494465655
CARTAGENA DELCHAIRA,2018-04-01,1,333.3529830467945
CARTAGENA DELCHAIRA,2018-05-01,0,245.17197216321418
CARTAGENA DELCHAIRA,2018-06-01,0,358.7676127983669
CARTAGENA DELCHAIRA,2018-07-01,0,334.4973750346216
CARTAGENA DELCHAIRA,2018-08-01,0,310.7540421760379
CARTAGENA DELCHAIRA,2018-09-01,0,230.62021128183034
CARTAGENA DELCHAIRA,2018-10-01,0,248.89359408089283
CARTAGENA DELCHAIRA,2018-11-01,0,59.66412748594534
CARTAGENA DELCHAIRA,2018-12-01,2,224.8394080644069
CARTAGENA DELCHAIRA,2019-01-01,0,20.138933092870516
CARTAGENA DELCHAIRA,2019-02-01,0,377.89609952684805
CARTAGENA DELCHAIRA,2019-03-01,1,261.1680121516153
CARTAGENA DELCHAIRA,2019-04-01,1,289.4095646304386
CARTAGENA DELCHAIRA,2019-05-01,6,257.0551812373195
CARTAGENA DELCHAIRA,2019-06-01,4,207.50320284759084
CARTAGENA DELCHAIRA,2019-07-01,5,126.44813040885067
CARTAGENA DELCHAIRA,2019-08-01,3,25.505527982552458
CARTAGENA DELCHAIRA,2019-09-01,4,344.28805144572686
CARTAGENA DELCHAIRA,2019-10-01,7,127.44323887881941
CARTAGENA DELCHAIRA,2019-11-01,1,224.95809679748322
CARTAGENA DELCHAIRA,2019-12-01,10,240.77994012563084
CARTAGENA DELCHAIRA,2020-01-01,34,207.00552136756164
CARTAGENA DELCHAIRA,2020-02-01,39,254.72561455663163
CARTAGENA DELCHAIRA,2020-03-01,38,202.11935906857278
CARTAGENA DELCHAIRA,2020-04-01,7,221.69661015826878
CARTAGENA DELCHAIRA,2020-05-01,4,248.7927572925499
CARTAGENA DELCHAIRA,2020-06-01,2,368.9947545890698
CARTAGENA DELCHAIRA,2020-07-01,5,230.43329907341663
CARTAGENA DELCHAIRA,2020-08-01,2,54.74423522884355
CARTAGENA DELCHAIRA,2020-09-01,1,81.20958173150528
CARTAGENA DELCHAIRA,2020-10-01,5,132.97809474803296
CARTAGENA DELCHAIRA,2020-11-01,2,10.927856340565478
CARTAGENA DELCHAIRA,2020-12-01,8,9.418013099728961
CARTAGENA DELCHAIRA,2021-01-01,4,141.75147500228235
CARTAGENA DELCHAIRA,2021-02-01,3,103.50032284298373
CARTAGENA DELCHAIRA,2021-03-01,3,227.82263494621512
CARTAGENA DELCHAIRA,2021-04-01,2,353.90096164599123
CARTAGENA DELCHAIRA,2021-05-01,1,253.86372967471436
CARTAGENA DELCHAIRA,2021-06-01,0,222.03285472318387
CARTAGENA DELCHAIRA,2021-07-01,0,111.99048689620273
CARTAGENA DELCHAIRA,2021-08-01,0,5.018262181547994
CARTAGENA DELCHAIRA,2021-09-01,0,261.4273848714462
CARTAGENA DELCHAIRA,2021-10-01,0,50.053785687418625
CARTAGENA DELCHAIRA,2021-11-01,2,233.24070819391096
CARTAGENA DELCHAIRA,2021-12-01,4,105.9618002579044
CARTAGENA DELCHAIRA,2022-01-01,0,211.4971214541844
CARTAGENA DELCHAIRA,2022-02-01,0,316.47921903086166
CARTAGENA DELCHAIRA,2022-03-01,1,167.34870030285572
CARTAGENA DELCHAIRA,2022-04-01,4,74.91450153454392
CARTAGENA DELCHAIRA,2022-05-01,1,58.00515205767316
CARTAGENA DELCHAIRA,2022-06-01,0,106.65467584203552
CARTAGENA DELCHAIRA,2022-07-01,2,315.9022434817502
CARTAGENA DELCHAIRA,2022-08-01,1,340.70089748674945
CARTAGENA DELCHAIRA,2022-09-01,1,322.5149186913282
CARTAGENA DELCHAIRA,2022-10-01,2,209.28912098583163
CARTAGENA DELCHAIRA,2022-11-01,0,299.47641643107596
CARTAGENA DELCHAIRA,2022-12-01,1,109.61579803767006
CARTAGENA DELCHAIRA,2023-01-01,2,279.5791545252783
CARTAGENA DELCHAIRA,2023-02-01,13,105.14004288344871
CARTAGENA DELCHAIRA,2023-03-01,16,230.97885547511027
CARTAGENA DELCHAIRA,2023-04-01,16,329.7788307895047
CARTAGENA DELCHAIRA,2023-05-01,20,32.454858116841834
CARTAGENA DELCHAIRA,2023-06-01,7,33.02114790657957
CARTAGENA DELCHAIRA,2023-07-01,2,166.1798862802195
CARTAGENA DELCHAIRA,2023-08-01,0,355.01914498897924
CARTAGENA DELCHAIRA,2023-09-01,1,36.75991807265815
CARTAGENA DELCHAIRA,2023-10-01,8,238.6518798383764
CARTAGENA DELCHAIRA,2023-11-01,4,62.47644832327954
CARTAGENA DELCHAIRA,2023-12-01,2,108.68897330452572
EL PAUJIL,2018-01-01,0,80.35803361524123
EL PAUJIL,2018-02-01,0,241.67552018731678
EL PAUJIL,2018-03-01,1,256.77365986242654
EL PAUJIL,2018-04-01,0,359.36657921818977
EL PAUJIL,2018-05-01,0,34.71169109573209
EL PAUJIL,2018-06-01,0,181.54934261802836
EL PAUJIL,2018-07-01,0,333.6278709891611
EL PAUJIL,2018-08-01,0,279.8196028898166
EL PAUJIL,2018-09-01,0,20.186211734969326
EL PAUJIL,2018-10-01,0,342.5531362075642
EL PAUJIL,2018-11-01,0,34.547569245817215
EL PAUJIL,2018-12-01,0,312.0557267422209
EL PAUJIL,2019-01-01,0,377.5785990321743
EL PAUJIL,2019-02-01,0,207.23869005453759
EL PAUJIL,2019-03-01,0,220.04145617652733
EL PAUJIL,2019-04-01,0,146.61500671235083
EL PAUJIL,2019-05-01,0,96.06776510773246
EL PAUJIL,2019-06-01,0,59.02418204317663
EL PAUJIL,2019-07-01,1,207.19397290505444
EL PAUJIL,2019-08-01,1,106.77924915695525
EL PAUJIL,2019-09-01,2,364.6939279176733
EL PAUJIL,2019-10-01,6,351.8343413741091
EL PAUJIL,2019-11-01,6,72.05268760383396
EL PAUJIL,2019-12-01,7,68.75926702888266
EL PAUJIL,2020-01-01,20,25.809773384485133
EL PAUJIL,2020-02-01,15,185.55780093658626
EL PAUJIL,2020-03-01,22,135.03041270569014
EL PAUJIL,2020-04-01,8,390.78843637860035
EL PAUJIL,2020-05-01,2,42.23649088989965
EL PAUJIL,2020-06-01,0,117.76630130382557
EL PAUJIL,2020-07-01,0,62.79709462271184
EL PAUJIL,2020-08-01,0,262.25797337633054
EL PAUJIL,2020-09-01,0,339.72091965909243
EL PAUJIL,2020-10-01,1,106.92043124667174
EL PAUJIL,2020-11-01,0,168.74333558984537
EL PAUJIL,2020-12-01,0,178.83797602734683
EL PAUJIL,2021-01-01,0,7.787502751604203
EL PAUJIL,2021-02-01,0,337.77341405072406
EL PAUJIL,2021-03-01,2,328.1089132005695
EL PAUJIL,2021-04-01,1,386.55807757328637
EL PAUJIL,2021-05-01,1,247.73945179592468
EL PAUJIL,2021-06-01,1,170.93633793895546
EL PAUJIL,2021-07-01,1,51.919339570538845
EL PAUJIL,2021-08-01,1,358.30773948241114
EL PAUJIL,2021-09-01,1,283.2581710343121
EL PAUJIL,2021-10-01,0,368.45606274707666
EL PAUJIL,2021-11-01,0,393.46607705044426
EL PAUJIL,2021-12-01,0,10.280702602767144
EL PAUJIL,2022-01-01,1,183.78914825534056
EL PAUJIL,2022-02-01,7,144.12121792485775
EL PAUJIL,2022-03-01,19,289.30026376570396
EL PAUJIL,2022-04-01,18,214.36180913529327
EL PAUJIL,2022-05-01,7,357.2064426917376
EL PAUJIL,2022-06-01,8,280.9775439069067
EL PAUJIL,2022-07-01,1,71.77542856894088
EL PAUJIL,2022-08-01,1,327.4212416229961
EL PAUJIL,2022-09-01,0,399.2912812990918
EL PAUJIL,2022-10-01,3,297.26665129603725
EL PAUJIL,2022-11-01,4,365.97070976454484
EL PAUJIL,2022-12-01,2,133.52926733702807
EL PAUJIL,2023-01-01,4,135.73207839156555
EL PAUJIL,2023-02-01,11,64.10139763782885
EL PAUJIL,2023-03-01,5,82.65378859130092
EL PAUJIL,2023-04-01,1,225.42650918025652
EL PAUJIL,2023-05-01,1,58.972877936730804
EL PAUJIL,2023-06-01,3,17.091708237942036
EL PAUJIL,2023-07-01,0,323.9919384802214
EL PAUJIL,2023-08-01,0,157.98097865386524
EL PAUJIL,2023-09-01,0,20.228241521099164
EL PAUJIL,2023-10-01,0,66.50144444127876
EL PAUJIL,2023-11-01,4,197.55736660871185
EL PAUJIL,2023-12-01,0,304.5175561050796
SOLANO,2018-01-01,0,213.58741990904022
SOLANO,2018-02-01,0,281.87688711828406
SOLANO,2018-03-01,0,171.17315871881237
SOLANO,2018-04-01,1,396.47055376842144
SOLANO,2018-05-01,0,397.006852340365
SOLANO,2018-06-01,0,157.2147151608128
SOLANO,2018-07-01,1,51.93047994061119
SOLANO,2018-08-01,0,352.1411771029818
SOLANO,2018-09-01,0,370.9639213358783
SOLANO,2018-10-01,1,114.678543440183
SOLANO,2018-11-01,2,240.888652582185
SOLANO,2018-12-01,0,43.21904042507394
SOLANO,2019-01-01,0,47.872509224877156
SOLANO,2019-02-01,2,231.43986793164376
SOLANO,2019-03-01,0,305.45655548588786
SOLANO,2019-04-01,1,288.0182308979661
SOLANO,2019-05-01,1,112.81304052706393
SOLANO,2019-06-01,0,21.565921608000018
SOLANO,2019-07-01,0,397.2918148333202
SOLANO,2019-08-01,2,192.3646020223145
SOLANO,2019-09-01,0,166.92040559422182
SOLANO,2019-10-01,0,391.1707488892222
SOLANO,2019-11-01,2,344.0959306294708
SOLANO,2019-12-01,0,43.8542414473726
SOLANO,2020-01-01,3,62.50136215156687
SOLANO,2020-02-01,1,94.61983302404069
SOLANO,2020-03-01,0,116.38884611993157
SOLANO,2020-04-01,5,260.89092769088904
SOLANO,2020-05-01,1,333.15990480533947
SOLANO,2020-06-01,2,56.73038803583932
SOLANO,2020-07-01,0,100.22169050283179
SOLANO,2020-08-01,0,188.19058880029388
SOLANO,2020-09-01,1,279.74605980587376
SOLANO,2020-10-01,0,371.2680474027883
SOLANO,2020-11-01,0,358.17076228945996
SOLANO,2020-12-01,0,334.3796360068192
SOLANO,2021-01-01,0,169.98541727912914
SOLANO,2021-02-01,0,58.34280491263058
SOLANO,2021-03-01,0,273.3638519513578
SOLANO,2021-04-01,0,264.4053180522565
SOLANO,2021-05-01,0,183.50782327799132
SOLANO,2021-06-01,0,168.44798993402458
SOLANO,2021-07-01,0,375.12575479600787
SOLANO,2021-08-01,0,392.8515558300085
SOLANO,2021-09-01,0,159.0236794756514
SOLANO,2021-10-01,0,139.87760905283636
SOLANO,2021-11-01,2,389.6690294440176
SOLANO,2021-12-01,4,137.2086739527311
SOLANO,2022-01-01,3,112.62174945040346
SOLANO,2022-02-01,3,73.51474946660086
SOLANO,2022-03-01,1,149.87536511864818
SOLANO,2022-04-01,3,249.6193742859237
SOLANO,2022-05-01,7,161.40350061022164
SOLANO,2022-06-01,10,147.0247040910366
SOLANO,2022-07-01,6,318.4900679979393
SOLANO,2022-08-01,1,160.12365438257055
SOLANO,2022-09-01,5,385.49878560128616
SOLANO,2022-10-01,15,253.50403846980066
SOLANO,2022-11-01,12,26.35538566835787
SOLANO,2022-12-01,7,203.6739692825855
SOLANO,2023-01-01,18,32.86747370228178
SOLANO,2023-02-01,33,131.97493083992953
SOLANO,2023-03-01,51,142.88779981731503
SOLANO,2023-04-01,31,151.65715013959544
SOLANO,2023-05-01,23,81.60392497428384
SOLANO,2023-06-01,8,75.90375703506984
SOLANO,2023-07-01,5,99.8727749531883
SOLANO,2023-08-01,6,34.31200218933963
SOLANO,2023-09-01,5,355.20499755980967
SOLANO,2023-10-01,3,52.09495955062344
SOLANO,2023-11-01,19,254.60606942077334
SOLANO,2023-12-01,11,95.10149100863346
CURILLO,2018-01-01,0,213.51295538658115
CURILLO,2018-02-01,0,362.7813041764815
CURILLO,2018-03-01,0,161.44885327332506
CURILLO,2018-04-01,1,8.665962699762675
CURILLO,2018-05-01,0,378.85871884083514
CURILLO,2018-06-01,0,223.95433098834064
CURILLO,2018-07-01,0,111.0288611681963
CURILLO,2018-08-01,0,265.7494388074885
CURILLO,2018-09-01,0,30.018737494307945
CURILLO,2018-10-01,1,330.3429420061533
CURILLO,2018-11-01,0,8.220309153739347
CURILLO,2018-12-01,0,291.6436877795314
CURILLO,2019-01-01,0,1.3351075674570279
CURILLO,2019-02-01,0,9.23316699624106
CURILLO,2019-03-01,0,323.00344858033276
CURILLO,2019-04-01,2,106.62924131327922
CURILLO,2019-05-01,10,116.52335681340986
CURILLO,2019-06-01,3,284.77440299417486
CURILLO,2019-07-01,16,341.37165978308263
CURILLO,2019-08-01,8,174.1323406404832
CURILLO,2019-09-01,8,357.94187502076375
CURILLO,2019-10-01,22,116.43635097777798
CURILLO,2019-11-01,7,369.03853569694064
CURILLO,2019-12-01,4,311.98349857622645
CURILLO,2020-01-01,19,200.7810106000721
CURILLO,2020-02-01,8,223.4951902521009
CURILLO,2020-03-01,14,206.2791998368797
CURILLO,2020-04-01,1,70.77627938731057
CURILLO,2020-05-01,0,305.67935693418684
CURILLO,2020-06-01,0,258.99500013679864
CURILLO,2020-07-01,0,158.25247991494024
CURILLO,2020-08-01,1,272.9951983803559
CURILLO,2020-09-01,0,159.2442465940874
CURILLO,2020-10-01,2,358.8387205094298
CURILLO,2020-11-01,1,15.208198874328982
CURILLO,2020-12-01,0,43.233702861033095
CURILLO,2021-01-01,0,343.7915816514666
CURILLO,2021-02-01,0,275.04484944322905
CURILLO,2021-03-01,0,237.42200510732073
CURILLO,2021-04-01,0,198.8132864315248
CURILLO,2021-05-01,0,27.743251023522177
CURILLO,2021-06-01,1,68.28382084303178
CURILLO,2021-07-01,0,332.6090273362051
CURILLO,2021-08-01,0,130.85026724252094
CURILLO,2021-09-01,0,225.5573933543019
CURILLO,2021-10-01,0,35.27161349075154
CURILLO,2021-11-01,1,175.21772687026777
CURILLO,2021-12-01,1,319.81384374383276
CURILLO,2022-01-01,0,329.14895310390546
CURILLO,2022-02-01,0,127.88995632836051
CURILLO,2022-03-01,4,256.5524694170084
CURILLO,2022-04-01,5,282.8856045267647
CURILLO,2022-05-01,2,273.878693833571
CURILLO,2022-06-01,2,327.46642573599206
CURILLO,2022-07-01,19,128.69799470142152
CURILLO,2022-08-01,6,186.75812352906362
CURILLO,2022-09-01,0,253.74557991875503
CURILLO,2022-10-01,3,247.54658897378602
CURILLO,2022-11-01,2,381.3857548821203
CURILLO,2022-12-01,6,210.72242315598805
CURILLO,2023-01-01,7,349.23695931327694
CURILLO,2023-02-01,3,159.5424152767911
CURILLO,2023-03-01,4,251.08755763561717
CURILLO,2023-04-01,3,327.6167238059169
CURILLO,2023-05-01,2,110.54549115717549
CURILLO,2023-06-01,0,91.33558936749412
CURILLO,2023-07-01,3,79.22284149914086
CURILLO,2023-08-01,0,249.87264892936886
CURILLO,2023-09-01,1,285.092745968759
CURILLO,2023-10-01,0,384.9610325948326
CURILLO,2023-11-01,1,221.20613285272378
CURILLO,2023-12-01,1,186.5415635737164
PUERTO RICO,2018-01-01,0,312.3288905722861
PUERTO RICO,2018-02-01,0,13.722344934877606
PUERTO RICO,2018-03-01,0,225.705974226271
PUERTO RICO,2018-04-01,0,277.73525602257956
PUERTO RICO,2018-05-01,1,44.173492177222904
PUERTO RICO,2018-06-01,0,130.26768789562314
PUERTO RICO,2018-07-01,1,367.25395902461435
PUERTO RICO,2018-08-01,0,55.17659164172435
PUERTO RICO,2018-09-01,0,286.71168787102334
PUERTO RICO,2018-10-01,1,216.98389456174252
PUERTO RICO,2018-11-01,0,308.049720387035
PUERTO RICO,2018-12-01,0,305.89785878551976
PUERTO RICO,2019-01-01,1,34.03368853785342
PUERTO RICO,2019-02-01,2,244.25985052069538
PUERTO RICO,2019-03-01,0,265.52515542529574
PUERTO RICO,2019-04-01,3,386.78978356817987
PUERTO RICO,2019-05-01,6,43.65380188082524
PUERTO RICO,2019-06-01,7,247.9408484065309
PUERTO RICO,2019-07-01,14,274.6586342660739
PUERTO RICO,2019-08-01,3,147.9333294439253
PUERTO RICO,2019-09-01,3,379.7463451262788
PUERTO RICO,2019-10-01,7,272.7011503662187
PUERTO RICO,2019-11-01,13,337.8708896755988
PUERTO RICO,2019-12-01,28,295.0211092658472
PUERTO RICO,2020-01-01,44,1.7437948057268393
PUERTO RICO,2020-02-01,51,195.2154979346727
PUERTO RICO,2020-03-01,14,355.856085706792
PUERTO RICO,2020-04-01,16,300.8125290738589
PUERTO RICO,2020-05-01,16,265.5606761756008
PUERTO RICO,2020-06-01,18,93.73440621790485
PUERTO RICO,2020-07-01,8,109.75126285960992
PUERTO RICO,2020-08-01,2,157.04372891979094
PUERTO RICO,2020-09-01,2,218.57139910870274
PUERTO RICO,2020-10-01,0,316.44773519014973
PUERTO RICO,2020-11-01,0,178.14536742740773
PUERTO RICO,2020-12-01,1,231.88406215778144
PUERTO RICO,2021-01-01,4,270.8516426074773
PUERTO RICO,2021-02-01,1,213.10375964737491
PUERTO RICO,2021-03-01,5,290.00593927441616
PUERTO RICO,2021-04-01,8,15.1805168532257
PUERTO RICO,2021-05-01,7,199.46127225351938
PUERTO RICO,2021-06-01,1,288.2494911052769
PUERTO RICO,2021-07-01,4,307.5886463908665
PUERTO RICO,2021-08-01,1,284.64749218897134
PUERTO RICO,2021-09-01,0,105.31347448040233
PUERTO RICO,2021-10-01,1,269.2798773607591
PUERTO RICO,2021-11-01,0,104.35451295966813
PUERTO RICO,2021-12-01,5,64.1613661070315
PUERTO RICO,2022-01-01,0,119.67315015593152
PUERTO RICO,2022-02-01,0,221.14816018228362
PUERTO RICO,2022-03-01,5,292.1753049838592
PUERTO RICO,2022-04-01,3,254.11097212715566
PUERTO RICO,2022-05-01,4,194.12059739220152
PUERTO RICO,2022-06-01,3,265.0855537193372
PUERTO RICO,2022-07-01,2,323.32836193945036
PUERTO RICO,2022-08-01,1,85.58959684248579
PUERTO RICO,2022-09-01,1,324.14014568296307
PUERTO RICO,2022-10-01,4,303.85389545344225
PUERTO RICO,2022-11-01,1,246.31710872897847
PUERTO RICO,2022-12-01,1,272.73121516457974
PUERTO RICO,2023-01-01,2,70.34674060431185
PUERTO RICO,2023-02-01,6,66.78007946021896
PUERTO RICO,2023-03-01,14,93.79825068597007
PUERTO RICO,2023-04-01,11,360.6728669959448
PUERTO RICO,2023-05-01,13,275.1330203207933
PUERTO RICO,2023-06-01,10,165.63649491210572
PUERTO RICO,2023-07-01,10,377.81695057277886
PUERTO RICO,2023-08-01,1,341.0321651883835
PUERTO RICO,2023-09-01,1,60.86794083384892
PUERTO RICO,2023-10-01,5,383.09615113854005
PUERTO RICO,2023-11-01,7,320.26803231819423
PUERTO RICO,2023-12-01,19,70.25028972122453
SAN JOSE DEL FRAGUA,2018-01-01,0,90.69014819443998
SAN JOSE DEL FRAGUA,2018-02-01,0,195.9762996599186
SAN JOSE DEL FRAGUA,2018-03-01,0,16.42934390980395
SAN JOSE DEL FRAGUA,2018-04-01,0,202.39088007415856
SAN JOSE DEL FRAGUA,2018-05-01,0,311.0099138089314
SAN JOSE DEL FRAGUA,2018-06-01,0,366.2542647589128
SAN JOSE DEL FRAGUA,2018-07-01,1,286.5429790302121
SAN JOSE DEL FRAGUA,2018-08-01,0,342.07470954407063
SAN JOSE DEL FRAGUA,2018-09-01,0,131.9649237132455
SAN JOSE DEL FRAGUA,2018-10-01,1,309.08698843133044
SAN JOSE DEL FRAGUA,2018-11-01,0,285.6394614148036
SAN JOSE DEL FRAGUA,2018-12-01,0,355.01399629819434
SAN JOSE DEL FRAGUA,2019-01-01,0,373.60798891094726
SAN JOSE DEL FRAGUA,2019-02-01,2,2.821002055807087
SAN JOSE DEL FRAGUA,2019-03-01,2,79.18490959458326
SAN JOSE DEL FRAGUA,2019-04-01,2,228.3441238665072
SAN JOSE DEL FRAGUA,2019-05-01,4,70.87768853964396
SAN JOSE DEL FRAGUA,2019-06-01,3,148.9879840797069
SAN JOSE DEL FRAGUA,2019-07-01,2,167.6356356519819
SAN JOSE DEL FRAGUA,2019-08-01,1,217.08569210651484
SAN JOSE DEL FRAGUA,2019-09-01,0,124.13914406098434
SAN JOSE DEL FRAGUA,2019-10-01,7,28.178212423329143
SAN JOSE DEL FRAGUA,2019-11-01,8,7.903934596251139
SAN JOSE DEL FRAGUA,2019-12-01,9,130.41217645960054
SAN JOSE DEL FRAGUA,2020-01-01,12,274.97887207330007
SAN JOSE DEL FRAGUA,2020-02-01,19,167.28436843583924
SAN JOSE DEL FRAGUA,2020-03-01,15,397.3978280384412
SAN JOSE DEL FRAGUA,2020-04-01,3,367.1423294243716
SAN JOSE DEL FRAGUA,2020-05-01,6,220.67552717059317
SAN JOSE DEL FRAGUA,2020-06-01,1,66.48181814439712
SAN JOSE DEL FRAGUA,2020-07-01,0,363.6086136235642
SAN JOSE DEL FRAGUA,2020-08-01,1,378.36006019289727
SAN JOSE DEL FRAGUA,2020-09-01,0,231.1842089902173
SAN JOSE DEL FRAGUA,2020-10-01,1,61.01228464428448
SAN JOSE DEL FRAGUA,2020-11-01,0,108.76298723905128
SAN JOSE DEL FRAGUA,2020-12-01,1,294.132420062087
SAN JOSE DEL FRAGUA,2021-01-01,0,220.6904709830039
SAN JOSE DEL FRAGUA,2021-02-01,0,291.0478420790074
SAN JOSE DEL FRAGUA,2021-03-01,3,6.5134224371127925
SAN JOSE DEL FRAGUA,2021-04-01,3,220.95559955196134
SAN JOSE DEL FRAGUA,2021-05-01,8,290.3500536515522
SAN JOSE DEL FRAGUA,2021-06-01,2,95.78152293776748
SAN JOSE DEL FRAGUA,2021-07-01,1,279.0348690100261
SAN JOSE DEL FRAGUA,2021-08-01,0,99.35337176507014
SAN JOSE DEL FRAGUA,2021-09-01,0,246.79563259843437
SAN JOSE DEL FRAGUA,2021-10-01,0,263.99672001437125
SAN JOSE DEL FRAGUA,2021-11-01,1,139.8390604187022
SAN JOSE DEL FRAGUA,2021-12-01,1,356.05518252947496
SAN JOSE DEL FRAGUA,2022-01-01,0,142.85074140050392
SAN JOSE DEL FRAGUA,2022-02-01,1,216.55964965371933
SAN JOSE DEL FRAGUA,2022-03-01,3,349.8751144519944
SAN JOSE DEL FRAGUA,2022-04-01,7,236.988325232779
SAN JOSE DEL FRAGUA,2022-05-01,2,221.46905907497487
SAN JOSE DEL FRAGUA,2022-06-01,4,298.1567141800142
SAN JOSE DEL FRAGUA,2022-07-01,1,251.8484694272043
SAN JOSE DEL FRAGUA,2022-08-01,1,348.00895244967614
SAN JOSE DEL FRAGUA,2022-09-01,2,136.213112013923
SAN JOSE DEL FRAGUA,2022-10-01,2,176.75531190808923
SAN JOSE DEL FRAGUA,2022-11-01,4,206.03870307405302
SAN JOSE DEL FRAGUA,2022-12-01,2,131.39747616037894
SAN JOSE DEL FRAGUA,2023-01-01,4,268.83781228951705
SAN JOSE DEL FRAGUA,2023-02-01,6,145.91760570672858
SAN JOSE DEL FRAGUA,2023-03-01,8,15.179131477598817
SAN JOSE DEL FRAGUA,2023-04-01,10,91.83821951578457
SAN JOSE DEL FRAGUA,2023-05-01,3,297.55286064175573
SAN JOSE DEL FRAGUA,2023-06-01,5,386.14744955758897
SAN JOSE DEL FRAGUA,2023-07-01,4,387.7640547142871
SAN JOSE DEL FRAGUA,2023-08-01,0,350.69430595878856
SAN JOSE DEL FRAGUA,2023-09-01,5,43.288353673160486
SAN JOSE DEL FRAGUA,2023-10-01,3,256.33881284728506
SAN JOSE DEL FRAGUA,2023-11-01,11,102.86806872947261
SAN JOSE DEL FRAGUA,2023-12-01,3,331.88459174505994
MORELIA,2018-01-01,0,80.07949895035154
MORELIA,2018-02-01,0,86.64696112082866
MORELIA,2018-03-01,0,353.68390470575287
MORELIA,2018-04-01,0,284.2715230240786
MORELIA,2018-05-01,0,190.11382037344663
MORELIA,2018-06-01,0,369.3510532202551
MORELIA,2018-07-01,1,169.66732344033937
MORELIA,2018-08-01,0,164.56020524006618
MORELIA,2018-09-01,0,152.07990980892473
MORELIA,2018-10-01,0,136.09699784633156
MORELIA,2018-11-01,0,266.5023308377267
MORELIA,2018-12-01,0,138.22440239544025
MORELIA,2019-01-01,0,314.83837167593174
MORELIA,2019-02-01,0,96.92829351935539
MORELIA,2019-03-01,1,91.12903846664761
MORELIA,2019-04-01,0,312.29350567711674
MORELIA,2019-05-01,0,188.95868146305395
MORELIA,2019-06-01,0,49.476100537417665
MORELIA,2019-07-01,0,44.10263741172891
MORELIA,2019-08-01,0,226.4247491193198
MORELIA,2019-09-01,0,220.31877501598163
MORELIA,2019-10-01,0,170.50290449875206
MORELIA,2019-11-01,0,378.6587453125915
MORELIA,2019-12-01,0,229.99121179466542
MORELIA,2020-01-01,1,287.82741599377067
MORELIA,2020-02-01,2,290.44657794294056
MORELIA,2020-03-01,1,54.83884771537695
MORELIA,2020-04-01,2,36.291496189816066
MORELIA,2020-05-01,0,346.97720745519354
MORELIA,2020-06-01,0,329.1581775795031
MORELIA,2020-07-01,0,344.6655356615284
MORELIA,2020-08-01,0,278.5699363434161
MORELIA,2020-09-01,0,278.47358905969384
MORELIA,2020-10-01,0,167.56841278559068
MORELIA,2020-11-01,0,344.31301435202687
MORELIA,2020-12-01,1,212.07710797428606
MORELIA,2021-01-01,0,115.32857250644457
MORELIA,2021-02-01,0,292.54710920916096
MORELIA,2021-03-01,0,398.67551651182015
MORELIA,2021-04-01,0,253.66771747714765
MORELIA,2021-05-01,0,203.0619615141895
MORELIA,2021-06-01,0,183.5774382928223
MORELIA,2021-07-01,0,289.46147227355385
MORELIA,2021-08-01,0,218.76090960970038
MORELIA,2021-09-01,0,322.8577677805352
MORELIA,2021-10-01,0,367.3161577190731
MORELIA,2021-11-01,0,58.232586829818715
MORELIA,2021-12-01,0,360.4797893836563
MORELIA,2022-01-01,0,208.35649164045392
MORELIA,2022-02-01,0,331.7077756128806
MORELIA,2022-03-01,0,227.39792174431227
MORELIA,2022-04-01,0,263.4398110351535
MORELIA,2022-05-01,0,315.93449535283463
MORELIA,2022-06-01,0,268.95102980625074
MORELIA,2022-07-01,0,165.81192893460064
MORELIA,2022-08-01,1,82.29754709379687
MORELIA,2022-09-01,0,246.9988060583621
MORELIA,2022-10-01,0,191.99940226523685
MORELIA,2022-11-01,1,89.24131894918226
MORELIA,2022-12-01,0,95.91791425980212
MORELIA,2023-01-01,2,9.654616777770153
MORELIA,2023-02-01,0,328.4297241701289
MORELIA,2023-03-01,1,10.621337045297663
MORELIA,2023-04-01,3,84.02691527676996
MORELIA,2023-05-01,0,204.612929545149
MORELIA,2023-06-01,0,196.68164535238404
MORELIA,2023-07-01,0,319.73160928257124
MORELIA,2023-08-01,0,84.61693605395877
MORELIA,2023-09-01,0,96.4569331616695
MORELIA,2023-10-01,0,377.98042514629316
MORELIA,2023-11-01,0,349.9014940156541
MORELIA,2023-12-01,0,96.86912447711097
SOLITA,2018-01-01,0,254.14885336514405
SOLITA,2018-02-01,0,206.743357617128
SOLITA,2018-03-01,0,230.82303429829918
SOLITA,2018-04-01,0,288.648997618268
SOLITA,2018-05-01,0,285.9964929923055
SOLITA,2018-06-01,0,190.7651104091725
SOLITA,2018-07-01,1,113.77306051441826
SOLITA,2018-08-01,0,47.320981739617494
SOLITA,2018-09-01,0,283.63303093144856
SOLITA,2018-10-01,0,310.7799276275261
SOLITA,2018-11-01,0,301.99215567174105
SOLITA,2018-12-01,0,208.92267351089907
SOLITA,2019-01-01,0,64.69397756316093
SOLITA,2019-02-01,0,240.0321531625775
SOLITA,2019-03-01,0,19.63803492409437
SOLITA,2019-04-01,0,90.18135097237172
SOLITA,2019-05-01,1,28.833557077040783
SOLITA,2019-06-01,0,147.75209844618996
SOLITA,2019-07-01,2,282.36803272038196
SOLITA,2019-08-01,0,140.31443842707714
SOLITA,2019-09-01,0,354.99291258421783
SOLITA,2019-10-01,0,148.68671433886755
SOLITA,2019-11-01,0,399.4910471995129
SOLITA,2019-12-01,2,248.8534063977101
SOLITA,2020-01-01,0,118.31859723748596
SOLITA,2020-02-01,0,233.1584094002645
SOLITA,2020-03-01,2,180.36299545246698
SOLITA,2020-04-01,2,108.44462153038977
SOLITA,2020-05-01,2,26.813241597471247
SOLITA,2020-06-01,1,111.25969341936917
SOLITA,2020-07-01,0,306.6396828103113
SOLITA,2020-08-01,0,130.43144319220715
SOLITA,2020-09-01,0,166.94873701590137
SOLITA,2020-10-01,0,372.86335388503454
SOLITA,2020-11-01,1,302.96421411703847
SOLITA,2020-12-01,0,245.24104024093384
SOLITA,2021-01-01,0,251.9942623785368
SOLITA,2021-02-01,0,362.4813476410696
SOLITA,2021-03-01,0,92.2147967759479
SOLITA,2021-04-01,0,189.9944423992955
SOLITA,2021-05-01,0,346.351911060092
SOLITA,2021-06-01,0,85.09771636561463
SOLITA,2021-07-01,0,293.0520551279155
SOLITA,2021-08-01,0,57.89055170068953
SOLITA,2021-09-01,0,15.184623128628472
SOLITA,2021-10-01,0,132.96892780571784
SOLITA,2021-11-01,0,3.3018807591485455
SOLITA,2021-12-01,0,354.4469731296387
SOLITA,2022-01-01,0,107.67360271729105
SOLITA,2022-02-01,0,375.58533089278046
SOLITA,2022-03-01,9,352.2143172547882
SOLITA,2022-04-01,7,278.7816264679997
SOLITA,2022-05-01,9,386.3961100785335
SOLITA,2022-06-01,0,240.95207743024304
SOLITA,2022-07-01,7,394.8410310403788
SOLITA,2022-08-01,3,96.13439600716261
SOLITA,2022-09-01,1,37.09941737107813
SOLITA,2022-10-01,2,262.8756225088238
SOLITA,2022-11-01,1,179.53834400675981
SOLITA,2022-12-01,2,363.108778573771
SOLITA,2023-01-01,4,233.46823812752154
SOLITA,2023-02-01,3,227.4460599174374
SOLITA,2023-03-01,3,268.9941327867817
SOLITA,2023-04-01,4,235.97901820570888
SOLITA,2023-05-01,3,29.84493153519745
SOLITA,2023-06-01,1,68.92762133597708
SOLITA,2023-07-01,0,135.1720890680008
SOLITA,2023-08-01,0,238.24751604509106
SOLITA,2023-09-01,1,232.17402442281843
SOLITA,2023-10-01,0,148.22111596761403
SOLITA,2023-11-01,2,263.3530838367675
SOLITA,2023-12-01,0,264.6387444250961
BELEN DE LOS ANDAQUIES,2018-01-01,0,207.5654943540051
BELEN DE LOS ANDAQUIES,2018-02-01,0,71.00104920430321
BELEN DE LOS ANDAQUIES,2018-03-01,0,179.99282767705392
BELEN DE LOS ANDAQUIES,2018-04-01,0,376.2247477552118
BELEN DE LOS ANDAQUIES,2018-05-01,0,295.593237963243
BELEN DE LOS ANDAQUIES,2018-06-01,0,240.3707872835179
BELEN DE LOS ANDAQUIES,2018-07-01,0,207.43847647767967
BELEN DE LOS ANDAQUIES,2018-08-01,0,320.0496157925383
BELEN DE LOS ANDAQUIES,2018-09-01,0,235.83487628836588
BELEN DE LOS ANDAQUIES,2018-10-01,0,92.35839289752228
BELEN DE LOS ANDAQUIES,2018-11-01,2,203.61313545858616
BELEN DE LOS ANDAQUIES,2018-12-01,0,211.00929898247506
BELEN DE LOS ANDAQUIES,2019-01-01,2,175.19088664400653
BELEN DE LOS ANDAQUIES,2019-02-01,1,315.3459622434397
BELEN DE LOS ANDAQUIES,2019-03-01,1,215.73099613529388
BELEN DE LOS ANDAQUIES,2019-04-01,0,261.26477897519214
BELEN DE LOS ANDAQUIES,2019-05-01,11,132.47677657791525
BELEN DE LOS ANDAQUIES,2019-06-01,2,155.36180145254272
BELEN DE LOS ANDAQUIES,2019-07-01,1,195.6835467764858
BELEN DE LOS ANDAQUIES,2019-08-01,4,336.97632308955804
BELEN DE LOS ANDAQUIES,2019-09-01,3,154.62305542810603
BELEN DE LOS ANDAQUIES,2019-10-01,4,260.1591475901619
BELEN DE LOS ANDAQUIES,2019-11-01,1,397.15370414569446
BELEN DE LOS ANDAQUIES,2019-12-01,7,261.7527400918603
BELEN DE LOS ANDAQUIES,2020-01-01,7,263.0984502512268
BELEN DE LOS ANDAQUIES,2020-02-01,5,19.079027108653168
BELEN DE LOS ANDAQUIES,2020-03-01,12,92.93738275491927
BELEN DE LOS ANDAQUIES,2020-04-01,2,296.9310300348162
BELEN DE LOS ANDAQUIES,2020-05-01,4,258.5159450711886
BELEN DE LOS ANDAQUIES,2020-06-01,2,242.17505553291954
BELEN DE LOS ANDAQUIES,2020-07-01,1,55.688454281895176
BELEN DE LOS ANDAQUIES,2020-08-01,0,336.88822736802166
BELEN DE LOS ANDAQUIES,2020-09-01,0,367.9576055490209
BELEN DE LOS ANDAQUIES,2020-10-01,0,142.3382501977017
BELEN DE LOS ANDAQUIES,2020-11-01,1,359.08060429203965
BELEN DE LOS ANDAQUIES,2020-12-01,0,163.61184428530805
BELEN DE LOS ANDAQUIES,2021-01-01,1,341.29352291966796
BELEN DE LOS ANDAQUIES,2021-02-01,0,94.59076508280266
BELEN DE LOS ANDAQUIES,2021-03-01,0,20.153887185533392
BELEN DE LOS ANDAQUIES,2021-04-01,0,18.527265466243257
BELEN DE LOS ANDAQUIES,2021-05-01,0,256.8001684681279
BELEN DE LOS ANDAQUIES,2021-06-01,0,369.9435102450003
BELEN DE LOS ANDAQUIES,2021-07-01,0,167.39161891562037
BELEN DE LOS ANDAQUIES,2021-08-01,0,275.1619064474242
BELEN DE LOS ANDAQUIES,2021-09-01,0,44.46119646381508
BELEN DE LOS ANDAQUIES,2021-10-01,0,103.9002664256281
BELEN DE LOS ANDAQUIES,2021-11-01,0,20.900504455527535
BELEN DE LOS ANDAQUIES,2021-12-01,0,84.0212760809898
BELEN DE LOS ANDAQUIES,2022-01-01,0,355.3899488690629
BELEN DE LOS ANDAQUIES,2022-02-01,0,381.01291347393646
BELEN DE LOS ANDAQUIES,2022-03-01,1,17.78908021041392
BELEN DE LOS ANDAQUIES,2022-04-01,4,343.69885804679836
BELEN DE LOS ANDAQUIES,2022-05-01,0,395.0617878359948
BELEN DE LOS ANDAQUIES,2022-06-01,0,218.2420692595083
BELEN DE LOS ANDAQUIES,2022-07-01,0,74.5674264162504
BELEN DE LOS ANDAQUIES,2022-08-01,0,8.846486657017927
BELEN DE LOS ANDAQUIES,2022-09-01,0,220.6589309378967
BELEN DE LOS ANDAQUIES,2022-10-01,1,192.83259546307102
BELEN DE LOS ANDAQUIES,2022-11-01,1,184.21972983183105
BELEN DE LOS ANDAQUIES,2022-12-01,1,91.67238156114857
BELEN DE LOS ANDAQUIES,2023-01-01,2,339.65141376693316
BELEN DE LOS ANDAQUIES,2023-02-01,7,41.31479214027509
BELEN DE LOS ANDAQUIES,2023-03-01,13,194.81493987727708
BELEN DE LOS ANDAQUIES,2023-04-01,9,170.17796846280424
BELEN DE LOS ANDAQUIES,2023-05-01,10,390.0079683426099
BELEN DE LOS ANDAQUIES,2023-06-01,5,248.01081162547612
BELEN DE LOS ANDAQUIES,2023-07-01,1,115.95662198041401
BELEN DE LOS ANDAQUIES,2023-08-01,0,259.38286122206995
BELEN DE LOS ANDAQUIES,2023-09-01,3,307.76050340338946
BELEN DE LOS ANDAQUIES,2023-10-01,0,4.2114425628398955
BELEN DE LOS ANDAQUIES,2023-11-01,1,381.9431677758924
BELEN DE LOS ANDAQUIES,2023-12-01,3,73.13678181719555
LA MONTANITA,2018-01-01,0,324.3686506565161
LA MONTANITA,2018-02-01,0,96.20315234542515
LA MONTANITA,2018-03-01,0,337.74271095316567
LA MONTANITA,2018-04-01,0,32.735787107090616
LA MONTANITA,2018-05-01,0,152.70413962334123
LA MONTANITA,2018-06-01,0,282.3812615573757
LA MONTANITA,2018-07-01,0,161.33267287752645
LA MONTANITA,2018-08-01,0,179.23610767264844
LA MONTANITA,2018-09-01,0,248.20452643689407
LA MONTANITA,2018-10-01,0,198.89930330729487
LA MONTANITA,2018-11-01,0,121.01356008565011
LA MONTANITA,2018-12-01,0,270.2375322718174
LA MONTANITA,2019-01-01,1,135.14217394545668
LA MONTANITA,2019-02-01,0,61.500287294398916
LA MONTANITA,2019-03-01,0,331.40419707589837
LA MONTANITA,2019-04-01,1,49.75393216490023
LA MONTANITA,2019-05-01,0,280.8305192107291
LA MONTANITA,2019-06-01,1,31.33496411498062
LA MONTANITA,2019-07-01,2,130.08616666834726
LA MONTANITA,2019-08-01,1,223.34740193640684
LA MONTANITA,2019-09-01,3,265.19610610746474
LA MONTANITA,2019-10-01,2,263.3526264969112
LA MONTANITA,2019-11-01,4,282.85192844114357
LA MONTANITA,2019-12-01,5,175.04026543599213
LA MONTANITA,2020-01-01,7,13.672052101408028
LA MONTANITA,2020-02-01,9,399.84425008143774
LA MONTANITA,2020-03-01,4,361.61206518206956
LA MONTANITA,2020-04-01,1,363.59962701009874
LA MONTANITA,2020-05-01,2,194.94114524148162
LA MONTANITA,2020-06-01,1,54.38915841360248
LA MONTANITA,2020-07-01,0,257.6353477628571
LA MONTANITA,2020-08-01,0,207.02769603836657
LA MONTANITA,2020-09-01,0,217.94517985529703
LA MONTANITA,2020-10-01,0,298.3654424461574
LA MONTANITA,2020-11-01,0,244.54531026997824
LA MONTANITA,2020-12-01,0,146.74289846980807
LA MONTANITA,2021-01-01,0,359.95198903025283
LA MONTANITA,2021-02-01,0,365.82954052991965
LA MONTANITA,2021-03-01,1,229.65651158271902
LA MONTANITA,2021-04-01,0,303.80388509649606
LA MONTANITA,2021-05-01,0,363.24209865588307
LA MONTANITA,2021-06-01,0,335.0596030022211
LA MONTANITA,2021-07-01,0,257.3402912531952
LA MONTANITA,2021-08-01,0,245.36412514314569
LA MONTANITA,2021-09-01,0,6.716037170663558
LA MONTANITA,2021-10-01,0,278.84341751967673
LA MONTANITA,2021-11-01,0,250.19421179479963
LA MONTANITA,2021-12-01,1,234.21585025253532
LA MONTANITA,2022-01-01,0,198.57791565164544
LA MONTANITA,2022-02-01,2,391.58982460150304
LA MONTANITA,2022-03-01,5,369.4536807563118
LA MONTANITA,2022-04-01,3,295.5925083497307
LA MONTANITA,2022-05-01,3,67.29440294741681
LA MONTANITA,2022-06-01,5,270.79280710748367
LA MONTANITA,2022-07-01,3,71.20238187919679
LA MONTANITA,2022-08-01,0,215.68319683346039
LA MONTANITA,2022-09-01,1,308.426834037072
LA MONTANITA,2022-10-01,4,92.68107971835798
LA MONTANITA,2022-11-01,0,56.59755738030006
LA MONTANITA,2022-12-01,2,171.28495749815383
LA MONTANITA,2023-01-01,3,13.861706179938427
LA MONTANITA,2023-02-01,1,326.8037784391117
LA MONTANITA,2023-03-01,7,50.65837786568235
LA MONTANITA,2023-04-01,2,26.85994755422758
LA MONTANITA,2023-05-01,6,358.0079863000597
LA MONTANITA,2023-06-01,3,178.94465622078476
LA MONTANITA,2023-07-01,2,167.1632047784255
LA MONTANITA,2023-08-01,0,62.52858644522057
LA MONTANITA,2023-09-01,0,131.27356062212044
LA MONTANITA,2023-10-01,0,101.34638781348602
LA MONTANITA,2023-11-01,2,308.84538676492315
LA MONTANITA,2023-12-01,1,5.306990530449962
EL DONCELLO,2018-01-01,0,300.4198842297365
EL DONCELLO,2018-02-01,0,111.75383439285054
EL DONCELLO,2018-03-01,0,141.2310497611141
EL DONCELLO,2018-04-01,0,98.49492662412476
EL DONCELLO,2018-05-01,0,16.436408075775375
EL DONCELLO,2018-06-01,0,207.03526562739088
EL DONCELLO,2018-07-01,0,374.83744079208844
EL DONCELLO,2018-08-01,0,30.883769217097388
EL DONCELLO,2018-09-01,0,318.5163852569977
EL DONCELLO,2018-10-01,0,43.88442646835813
EL DONCELLO,2018-11-01,0,215.2991059466125
EL DONCELLO,2018-12-01,0,43.515920416408036
EL DONCELLO,2019-01-01,1,150.57599749205858
EL DONCELLO,2019-02-01,1,120.19189869448326
EL DONCELLO,2019-03-01,1,314.5347988704324
EL DONCELLO,2019-04-01,1,333.01872300563275
EL DONCELLO,2019-05-01,1,292.6642235352212
EL DONCELLO,2019-06-01,0,177.31197574626108
EL DONCELLO,2019-07-01,4,100.21979402370587
EL DONCELLO,2019-08-01,2,213.56018278862228
EL DONCELLO,2019-09-01,5,29.683975948903818
EL DONCELLO,2019-10-01,1,255.79205803207313
EL DONCELLO,2019-11-01,6,236.5141439141294
EL DONCELLO,2019-12-01,8,36.74262240553459
EL DONCELLO,2020-01-01,30,79.3428454175646
EL DONCELLO,2020-02-01,41,358.563153565861
EL DONCELLO,2020-03-01,18,148.57825806419694
EL DONCELLO,2020-04-01,2,53.78985706330157
EL DONCELLO,2020-05-01,0,300.81974464357364
EL DONCELLO,2020-06-01,1,47.99146666762457
EL DONCELLO,2020-07-01,1,286.62913929940436
EL DONCELLO,2020-08-01,0,350.09153651556136
EL DONCELLO,2020-09-01,0,268.46102039420754
EL DONCELLO,2020-10-01,0,350.62205783026695
EL DONCELLO,2020-11-01,0,252.0671519801515
EL DONCELLO,2020-12-01,1,43.334092083922116
EL DONCELLO,2021-01-01,0,116.1608909955313
EL DONCELLO,2021-02-01,1,70.1313578432821
EL DONCELLO,2021-03-01,1,179.3907908487276
EL DONCELLO,2021-04-01,0,339.1263367260887
EL DONCELLO,2021-05-01,0,13.5331789805063
EL DONCELLO,2021-06-01,1,193.7884356282137
EL DONCELLO,2021-07-01,0,309.0102329587923
EL DONCELLO,2021-08-01,0,100.99453667796831
EL DONCELLO,2021-09-01,0,391.94191850122644
EL DONCELLO,2021-10-01,0,270.5372254047568
EL DONCELLO,2021-11-01,0,354.5646620019648
EL DONCELLO,2021-12-01,1,135.82794551982715
EL DONCELLO,2022-01-01,0,200.05957674826695
EL DONCELLO,2022-02-01,0,114.20120750472256
EL DONCELLO,2022-03-01,2,132.74907959791426
EL DONCELLO,2022-04-01,5,115.3601309582049
EL DONCELLO,2022-05-01,2,210.0452159443116
EL DONCELLO,2022-06-01,4,166.75141714203315
EL DONCELLO,2022-07-01,5,370.00905628710717
EL DONCELLO,2022-08-01,0,19.799566138419557
EL DONCELLO,2022-09-01,0,113.74698129441576
EL DONCELLO,2022-10-01,2,279.42271908072087
EL DONCELLO,2022-11-01,1,197.14596642288447
EL DONCELLO,2022-12-01,0,210.38546812302448
EL DONCELLO,2023-01-01,1,391.8636642798407
EL DONCELLO,2023-02-01,2,2.5477271288761205
EL DONCELLO,2023-03-01,4,60.727516697603164
EL DONCELLO,2023-04-01,6,398.1656084066245
EL DONCELLO,2023-05-01,5,66.18335361153211
EL DONCELLO,2023-06-01,5,362.9382905746416
EL DONCELLO,2023-07-01,12,279.3518813230277
EL DONCELLO,2023-08-01,6,281.7104541909767
EL DONCELLO,2023-09-01,6,266.89327798991565
EL DONCELLO,2023-10-01,8,85.21965833722925
EL DONCELLO,2023-11-01,1,194.15140350973874
EL DONCELLO,2023-12-01,2,76.31142794806851
ALBANIA,2018-01-01,0,300.22814644513846
ALBANIA,2018-02-01,0,253.44995514957427
ALBANIA,2018-03-01,0,282.7148827047067
ALBANIA,2018-04-01,0,274.7025727272865
ALBANIA,2018-05-01,0,91.42450170980597
ALBANIA,2018-06-01,0,11.573944316605678
ALBANIA,2018-07-01,0,10.279011546227546
ALBANIA,2018-08-01,0,259.19204149947353
ALBANIA,2018-09-01,0,208.94227440329058
ALBANIA,2018-10-01,0,6.283657030783152
ALBANIA,2018-11-01,0,232.84610475129531
ALBANIA,2018-12-01,0,90.58457390682139
ALBANIA,2019-01-01,0,312.1068356309962
ALBANIA,2019-02-01,0,189.20829239442867
ALBANIA,2019-03-01,0,365.707261790403
ALBANIA,2019-04-01,2,321.2450460937715
ALBANIA,2019-05-01,2,122.72379553499344
ALBANIA,2019-06-01,1,253.48054590383597
ALBANIA,2019-07-01,5,175.7809596712858
ALBANIA,2019-08-01,5,82.57491522046219
ALBANIA,2019-09-01,6,120.46520412858985
ALBANIA,2019-10-01,6,229.26276104657651
ALBANIA,2019-11-01,7,312.16472093668995
ALBANIA,2019-12-01,18,310.47684294907117
ALBANIA,2020-01-01,24,75.14389602209573
ALBANIA,2020-02-01,13,270.29548925838185
ALBANIA,2020-03-01,11,157.60247766783633
ALBANIA,2020-04-01,10,30.050347588011128
ALBANIA,2020-05-01,3,366.7159130881282
ALBANIA,2020-06-01,1,51.176676238742935
ALBANIA,2020-07-01,1,341.4888650016009
ALBANIA,2020-08-01,0,245.04617171874537
ALBANIA,2020-09-01,1,1.947192664831654
ALBANIA,2020-10-01,1,329.02343226058423
ALBANIA,2020-11-01,0,350.8359672406155
ALBANIA,2020-12-01,1,193.01558582600003
ALBANIA,2021-01-01,0,316.187812975011
ALBANIA,2021-02-01,0,329.31727114954583
ALBANIA,2021-03-01,0,132.22957408052883
ALBANIA,2021-04-01,0,190.4084553466549
ALBANIA,2021-05-01,1,143.63437620827057
ALBANIA,2021-06-01,0,282.9119554310018
ALBANIA,2021-07-01,0,268.38014554728784
ALBANIA,2021-08-01,0,325.51796881857103
ALBANIA,2021-09-01,0,66.84678151666583
ALBANIA,2021-10-01,0,254.48567972289112
ALBANIA,2021-11-01,0,318.0395091487818
ALBANIA,2021-12-01,0,337.90692482068334
ALBANIA,2022-01-01,0,215.93624211264014
ALBANIA,2022-02-01,0,372.37277932531526
ALBANIA,2022-03-01,0,334.4046410184911
ALBANIA,2022-04-01,1,56.470052414221385
ALBANIA,2022-05-01,0,295.1318306432287
ALBANIA,2022-06-01,0,375.11679221552015
ALBANIA,2022-07-01,2,43.10421552342936
ALBANIA,2022-08-01,4,87.63450703533562
ALBANIA,2022-09-01,2,145.58411661740553
ALBANIA,2022-10-01,0,164.13711911991012
ALBANIA,2022-11-01,1,399.8125577048331
ALBANIA,2022-12-01,1,386.6985749742149
ALBANIA,2023-01-01,2,3.1096851585021845
ALBANIA,2023-02-01,2,281.61389354698747
ALBANIA,2023-03-01,2,366.77751294065956
ALBANIA,2023-04-01,1,30.533371971079724
ALBANIA,2023-05-01,4,185.01853670128804
ALBANIA,2023-06-01,0,174.15584492926737
ALBANIA,2023-07-01,0,347.7369315881197
ALBANIA,2023-08-01,0,260.73957777905304
ALBANIA,2023-09-01,1,313.3262770106759
ALBANIA,2023-10-01,0,290.8898110371893
ALBANIA,2023-11-01,0,89.71565716447212
ALBANIA,2023-12-01,1,153.05602125065408
VALPARAISO,2018-01-01,0,160.37462558856376
VALPARAISO,2018-02-01,0,23.7293437737371
VALPARAISO,2018-03-01,0,21.989697441762868
VALPARAISO,2018-04-01,0,324.99414685249116
VALPARAISO,2018-05-01,0,371.32861134609476
VALPARAISO,2018-06-01,0,123.69114104818664
VALPARAISO,2018-07-01,0,98.27130527598075
VALPARAISO,2018-08-01,0,211.33642753934737
VALPARAISO,2018-09-01,0,187.31296310819198
VALPARAISO,2018-10-01,0,326.1395619965639
VALPARAISO,2018-11-01,0,237.97027960246973
VALPARAISO,2018-12-01,0,212.14549789212938
VALPARAISO,2019-01-01,0,191.44416977487825
VALPARAISO,2019-02-01,0,279.6051544963577
VALPARAISO,2019-03-01,0,205.49767743071797
VALPARAISO,2019-04-01,0,204.98337824157767
VALPARAISO,2019-05-01,2,93.2621133314743
VALPARAISO,2019-06-01,0,374.5478784323566
VALPARAISO,2019-07-01,0,173.24667387519455
VALPARAISO,2019-08-01,0,304.3644729411215
VALPARAISO,2019-09-01,0,285.28879885495894
VALPARAISO,2019-10-01,0,292.06094567697517
VALPARAISO,2019-11-01,2,80.91941745174567
VALPARAISO,2019-12-01,1,278.7106598024984
VALPARAISO,2020-01-01,3,115.8791134058743
VALPARAISO,2020-02-01,1,108.98655914508252
VALPARAISO,2020-03-01,7,63.54586283152792
VALPARAISO,2020-04-01,7,96.66987285314744
VALPARAISO,2020-05-01,3,303.55122974983476
VALPARAISO,2020-06-01,3,297.38617396255813
VALPARAISO,2020-07-01,0,317.2681764508435
VALPARAISO,2020-08-01,0,1.6641729352991241
VALPARAISO,2020-09-01,1,151.33530906095513
VALPARAISO,2020-10-01,0,153.64838831633529
VALPARAISO,2020-11-01,0,269.32740023848584
VALPARAISO,2020-12-01,0,101.67187950061872
VALPARAISO,2021-01-01,0,48.166162194619574
VALPARAISO,2021-02-01,0,336.6965491592031
VALPARAISO,2021-03-01,0,369.488787491791
VALPARAISO,2021-04-01,0,325.97124677781994
VALPARAISO,2021-05-01,0,74.30129906574452
VALPARAISO,2021-06-01,0,331.98407557104923
VALPARAISO,2021-07-01,1,124.31243612978258
VALPARAISO,2021-08-01,0,351.08387316697207
VALPARAISO,2021-09-01,0,72.33280663619182
VALPARAISO,2021-10-01,0,52.73247502313336
VALPARAISO,2021-11-01,0,240.9461575422282
VALPARAISO,2021-12-01,0,369.0152409028654
VALPARAISO,2022-01-01,0,337.7046572114761
VALPARAISO,2022-02-01,0,192.03625385723808
VALPARAISO,2022-03-01,0,300.5625793933475
VALPARAISO,2022-04-01,0,99.93878143442765
VALPARAISO,2022-05-01,1,330.06522759134447
VALPARAISO,2022-06-01,0,28.20572639142851
VALPARAISO,2022-07-01,0,82.12344494306181
VALPARAISO,2022-08-01,0,120.1673545686579
VALPARAISO,2022-09-01,0,68.95747731861755
VALPARAISO,2022-10-01,0,70.90951013209383
VALPARAISO,2022-11-01,0,122.98762841544604
VALPARAISO,2022-12-01,0,12.86214119101401
VALPARAISO,2023-01-01,1,241.9899580007647
VALPARAISO,2023-02-01,0,16.601985476922554
VALPARAISO,2023-03-01,0,114.41330434677121
VALPARAISO,2023-04-01,2,82.89718231871785
VALPARAISO,2023-05-01,1,102.69710834169383
VALPARAISO,2023-06-01,4,211.89679178230287
VALPARAISO,2023-07-01,0,364.49770153751064
VALPARAISO,2023-08-01,3,202.26003927205164
VALPARAISO,2023-09-01,0,318.7759158719166
VALPARAISO,2023-10-01,2,359.08297798510114
VALPARAISO,2023-11-01,0,386.8330082369936
VALPARAISO,2023-12-01,1,57.861017569208386
MILAN,2018-01-01,0,26.670570482034606
MILAN,2018-02-01,0,396.13773912544326
MILAN,2018-03-01,0,214.50400828925922
MILAN,2018-04-01,0,316.6827423970871
MILAN,2018-05-01,0,85.85980015821386
MILAN,2018-06-01,0,84.65083465058147
MILAN,2018-07-01,0,142.9482223314312
MILAN,2018-08-01,0,203.003515058675
MILAN,2018-09-01,0,49.311188331103395
MILAN,2018-10-01,0,324.1098380256278
MILAN,2018-11-01,0,117.1088657314884
MILAN,2018-12-01,0,343.3992172359179
MILAN,2019-01-01,0,142.1683509506803
MILAN,2019-02-01,0,42.89968325364195
MILAN,2019-03-01,0,41.02444147939583
MILAN,2019-04-01,0,378.34282568684796
MILAN,2019-05-01,0,321.5719349007674
MILAN,2019-06-01,0,138.10081545231267
MILAN,2019-07-01,0,87.58401234585148
MILAN,2019-08-01,0,108.99013738829039
MILAN,2019-09-01,0,177.09183951605044
MILAN,2019-10-01,0,74.6423342798395
MILAN,2019-11-01,0,43.361944982331565
MILAN,2019-12-01,0,285.27505064855495
MILAN,2020-01-01,2,346.95095052609634
MILAN,2020-02-01,0,244.30021446044242
MILAN,2020-03-01,2,9.523660781580423
MILAN,2020-04-01,3,49.400976996946255
MILAN,2020-05-01,7,210.58560528998117
MILAN,2020-06-01,1,314.02888235336326
MILAN,2020-07-01,3,29.908099767716312
MILAN,2020-08-01,0,344.20325406632935
MILAN,2020-09-01,0,183.71493856786435
MILAN,2020-10-01,3,246.95291174018718
MILAN,2020-11-01,1,123.67039242013998
MILAN,2020-12-01,4,161.84341852846228
MILAN,2021-01-01,6,228.9656231014453
MILAN,2021-02-01,14,136.32740294373664
MILAN,2021-03-01,2,219.53413543831263
MILAN,2021-04-01,4,134.29635932524917
MILAN,2021-05-01,1,260.6485698077235
MILAN,2021-06-01,0,315.15456595992873
MILAN,2021-07-01,0,91.50812169517582
MILAN,2021-08-01,0,183.33716485385924
MILAN,2021-09-01,0,344.01070800278745
MILAN,2021-10-01,0,296.9397626414547
MILAN,2021-11-01,0,10.732595353639063
MILAN,2021-12-01,0,122.11098378291965
MILAN,2022-01-01,1,294.3317284729058
MILAN,2022-02-01,0,326.461075416239
MILAN,2022-03-01,0,175.75765123533134
MILAN,2022-04-01,0,50.12640260620569
MILAN,2022-05-01,0,162.79634167982894
MILAN,2022-06-01,0,243.3846018798838
MILAN,2022-07-01,0,112.11013431267816
MILAN,2022-08-01,1,177.81326067960666
MILAN,2022-09-01,0,41.81220070221201
MILAN,2022-10-01,0,356.77529119812175
MILAN,2022-11-01,1,257.5248956020097
MILAN,2022-12-01,0,162.29920952440207
MILAN,2023-01-01,2,152.43069174196816
MILAN,2023-02-01,1,319.32123188144976
MILAN,2023-03-01,0,244.0924995852979
MILAN,2023-04-01,8,158.33051400238404
MILAN,2023-05-01,2,294.3139864248505
MILAN,2023-06-01,0,162.8090015701096
MILAN,2023-07-01,2,155.21509540120525
MILAN,2023-08-01,0,312.97964256216784
MILAN,2023-09-01,0,321.50506439810147
MILAN,2023-10-01,0,378.049784765486
MILAN,2023-11-01,0,126.38417634531783
MILAN,2023-12-01,0,147.75949081756053
